{
	"format_version": "1.8.0",
	"animations": {
		"animation.inkay.ground_idle": {
			"loop": true,
			"bones": {
				"torso": {
					"rotation": ["0+math.cos((query.anim_time)*90*12/6+90)*6", "math.sin(q.anim_time*90*2+90)*6", "0+math.sin(q.anim_time*90*3+90)*2"],
					"position": [0, "2-math.cos(query.anim_time*180*1-180)*0.5", 0]
				},
				"head": {
					"rotation": [2.5, 0, 0]
				},
				"hand1": {
					"rotation": [0, "0+math.cos((query.anim_time)*90*3+90)*4", "45+math.sin(q.anim_time*90*3)*12"],
					"position": [-1, 1, 0]
				},
				"hand_part1": {
					"rotation": [0, 0, "-15+math.sin(q.anim_time*90*3)*6"],
					"position": [0, 0.3, 0]
				},
				"hand2": {
					"rotation": [0, "0-math.cos((query.anim_time)*90*3+90)*4", "-45-math.sin(q.anim_time*90*3)*12"],
					"position": [1, 1, 0]
				},
				"hand_part2": {
					"rotation": [0, 0, "15-math.sin(q.anim_time*90*3 )*6"],
					"position": [0, 0.3, 0]
				}
			}
		},
		"animation.inkay.blink": {
			"animation_length": 0.1667,
			"bones": {
				"eyes": {
					"position": {
						"0.0": [0, 0, 1],
						"0.1667": {"pre": [0, 0, 1], "post": [0, 0, 0]}
					}
				}
			}
		},
		"animation.inkay.ground_walk": {
			"loop": true,
			"bones": {
				"torso": {
					"rotation": [17.5, 0, 0],
					"position": [0, "2+math.cos(query.anim_time*160*1+5)*1", 0]
				},
				"butt": {
					"rotation": [2.5, 0, 0]
				},
				"head": {
					"rotation": ["-5+math.sin(q.anim_time*90*12/3+90)*3", "math.cos(query.anim_time*90*4+90)*2", 0]
				},
				"hand1": {
					"rotation": [0, "-22.5+math.cos(query.anim_time*90*4+60)*4", "32.5+math.sin(q.anim_time*90*4+60)*8"],
					"position": [-1, 1.3, 0]
				},
				"hand_part1": {
					"rotation": [0, -25, 0]
				},
				"hand2": {
					"rotation": [0, "22.5-math.cos(query.anim_time*90*4+60)*4", "-32.5-math.sin(q.anim_time*90*4+60)*8"],
					"position": [1, 1.3, 0]
				},
				"hand_part2": {
					"rotation": [0, 25, 0]
				}
			}
		},
		"animation.inkay.ground_walk_test": {
			"loop": true,
			"animation_length": 1,
			"bones": {
				"torso": {
					"rotation": [17.5, 0, 0],
					"position": [0, "2+math.cos(query.anim_time*160*1+5)*1", 0]
				},
				"butt": {
					"rotation": [2.5, 0, 0]
				},
				"head": {
					"rotation": ["-5+math.sin(q.anim_time*90*12/3+90)*3", "math.cos(query.anim_time*90*4+90)*2", 0]
				},
				"hand1": {
					"rotation": [0, "-22.5+math.cos(query.anim_time*90*4+60)*4", "32.5+math.sin(q.anim_time*90*4+60)*8"],
					"position": [-1, 1.3, 0]
				},
				"hand_part1": {
					"rotation": [0, -25, 0]
				},
				"hand2": {
					"rotation": [0, "22.5-math.cos(query.anim_time*90*4+60)*4", "-32.5-math.sin(q.anim_time*90*4+60)*8"],
					"position": [1, 1.3, 0]
				},
				"hand_part2": {
					"rotation": [0, 25, 0]
				},
				"body": {
					"position": [0, 0, "0-q.anim_time*90*0.5"]
				}
			}
		},
		"animation.inkay.quirk": {
			"animation_length": 2.25,
			"bones": {
				"torso": {
					"rotation": {
						"0.0": {
							"post": [0, 0, 0],
							"lerp_mode": "catmullrom"
						},
						"0.375": {
							"post": [-10.17743, -10.86376, 0.81025],
							"lerp_mode": "catmullrom"
						},
						"0.7917": {
							"post": [-5, 12.5, 0],
							"lerp_mode": "catmullrom"
						},
						"1.1667": {
							"post": [-7.61545, 11.85767, 2.72533],
							"lerp_mode": "catmullrom"
						},
						"1.5": {
							"post": [-5, 12.5, 360],
							"lerp_mode": "catmullrom"
						},
						"1.75": {
							"post": [7.47295, 5.79015, 352.93376],
							"lerp_mode": "catmullrom"
						},
						"2.25": {
							"post": [0, 0, 0],
							"lerp_mode": "catmullrom"
						}
					}
				}
			}
		}
	}
}