{
	"format_version": "1.8.0",
	"animations": {
		"animation.manectric.ground_idle": {
			"loop": true,
			"bones": {
				"neck": {
					"rotation": [15, 0, 0]
				},
				"head_angle": {
					"rotation": [-12.5, 0, 0],
					"position": [0, -0.96593, -0.25882]
				},
				"tail": {
					"rotation": [47.5, 0, 0]
				},
				"tail2": {
					"rotation": [67.5, 0, 0]
				},
				"tail4": {
					"rotation": [0, 0, 0]
				},
				"jaw": {
					"rotation": [0, 0, 0]
				},
				"leg_back_left2": {
					"rotation": [47.5, 0, 0]
				},
				"leg_back_left3": {
					"rotation": [-47.5, 0, 0]
				},
				"ankle_back_left": {
					"rotation": [-35, 0, 0]
				},
				"foot_back_left": {
					"rotation": [35, 0, 0]
				},
				"claw_back_outer_left": {
					"rotation": [0, 22.5, 0]
				},
				"claw_back_inner_left": {
					"rotation": [0, -22.5, 0]
				},
				"claw_outer_left": {
					"rotation": [0, 22.5, 0]
				},
				"claw_inner_left": {
					"rotation": [0, -22.5, 0]
				},
				"claw_outer_right": {
					"rotation": [0, -22.5, 0]
				},
				"claw_inner_right": {
					"rotation": [0, 22.5, 0]
				},
				"leg_back_right2": {
					"rotation": [47.5, 0, 0]
				},
				"leg_back_right3": {
					"rotation": [-47.5, 0, 0]
				},
				"ankle_back_right": {
					"rotation": [-35, 0, 0]
				},
				"foot_back_right": {
					"rotation": [35, 0, 0]
				},
				"claw_back_outer_right": {
					"rotation": [0, -22.5, 0]
				},
				"claw_back_inner_right": {
					"rotation": [0, 22.5, 0]
				}
			}
		},
		"animation.manectric.blink": {
			"animation_length": 0.1667,
			"bones": {
				"eye_left": {
					"position": [-0.1, 0, 0.1]
				},
				"eye_right": {
					"position": {
						"0.0": [0.1, 0, 0.1],
						"0.125": [0.1, 0, 0.1],
						"0.1667": {"pre": [0.1, 0, 0.1], "post": [0, 0, 0]}
					}
				},
				"eyelid_right": {
					"position": {
						"0.0": [-0.1, 0, -0.1],
						"0.125": [-0.1, 0, -0.1],
						"0.1667": {"pre": [-0.1, 0, -0.1], "post": [0, 0, 0]}
					}
				},
				"eyelid_left": {
					"position": {
						"0.0": [0.1, 0, -0.1],
						"0.125": [0.1, 0, -0.1],
						"0.1667": {"pre": [0.1, 0, -0.1], "post": [0, 0, 0]}
					}
				}
			}
		},
		"animation.manectric.cry": {
			"animation_length": 1.5,
			"bones": {
				"neck": {
					"rotation": {
						"0.0": [0, 0, 0],
						"0.25": [7.5, 0, 0],
						"1.25": [7.5, 0, 0],
						"1.5": [0, 0, 0]
					}
				},
				"head": {
					"rotation": {
						"0.0": [0, 0, 0],
						"0.25": [-7.5, 0, 0],
						"1.25": [-7.5, 0, 0],
						"1.5": [0, 0, 0]
					}
				},
				"jaw": {
					"rotation": {
						"0.0": [0, 0, 0],
						"0.25": [42.5, 0, 0],
						"1.25": [42.5, 0, 0],
						"1.5": [0, 0, 0]
					}
				}
			},
			"sound_effects": {
				"0.0833": {
					"effect": "pokemon.manectric.cry"
				}
			}
		},
		"animation.manectric.item_hold": {
			"loop": true,
			"bones": {
				"jaw": {
					"rotation": [15, 0, 0]
				}
			}
		},
		"animation.manectric.pose": {
			"loop": true,
			"bones": {
				"neck": {
					"rotation": [15.0547, -4.82922, -1.29717]
				},
				"head_angle": {
					"rotation": [-21.85885, -29.21893, 7.12284],
					"position": [0.03263, -1.43766, -0.42129]
				},
				"tail": {
					"rotation": [47.5, 0, 0]
				},
				"tail2": {
					"rotation": [67.5, 0, 0]
				},
				"tail4": {
					"rotation": [0, 0, 0]
				},
				"jaw": {
					"rotation": [0, 0, 0]
				},
				"leg_back_left2": {
					"rotation": [47.5, 0, 0]
				},
				"leg_back_left3": {
					"rotation": [-47.5, 0, 0]
				},
				"ankle_back_left": {
					"rotation": [-35, 0, 0]
				},
				"foot_back_left": {
					"rotation": [35, 0, 0]
				},
				"claw_back_outer_left": {
					"rotation": [0, 22.5, 0]
				},
				"claw_back_inner_left": {
					"rotation": [0, -22.5, 0]
				},
				"claw_outer_left": {
					"rotation": [0, 22.5, 0]
				},
				"claw_inner_left": {
					"rotation": [0, -22.5, 0]
				},
				"leg_front_right": {
					"rotation": [0, 10, 0]
				},
				"claw_outer_right": {
					"rotation": [0, -22.5, 0]
				},
				"claw_inner_right": {
					"rotation": [0, 22.5, 0]
				},
				"leg_back_right": {
					"rotation": [0, 5, 0]
				},
				"leg_back_right2": {
					"rotation": [47.5, 0, 0]
				},
				"leg_back_right3": {
					"rotation": [-47.5, 0, 0]
				},
				"ankle_back_right": {
					"rotation": [-35, 0, 0]
				},
				"foot_back_right": {
					"rotation": [35, 0, 0]
				},
				"claw_back_outer_right": {
					"rotation": [0, -22.5, 0]
				},
				"claw_back_inner_right": {
					"rotation": [0, 22.5, 0]
				}
			}
		},
		"animation.manectric.scale": {
			"loop": true,
			"bones": {
				"body": {
					"scale": 0.75
				}
			}
		},
		"animation.manectric.hurt": {
			"loop": true,
			"bones": {
				"eye_left": {
					"position": [-0.1, 0, 0.1]
				},
				"eye_right": {
					"position": [0.1, 0, 0.1]
				},
				"eyelid_hurt_right": {
					"position": [-0.1, 0, -0.1]
				},
				"eyelid_hurt_left": {
					"position": [0.1, 0, -0.1]
				}
			}
		},
		"animation.manectric.sad": {
			"loop": true,
			"bones": {
				"eyelid_emote_left": {
					"position": [0.1, 0, -0.1]
				},
				"eyelid_emote_right": {
					"position": [-0.1, 0, -0.1]
				}
			}
		},
		"animation.manectric.angry": {
			"loop": true,
			"bones": {
				"eyelid_emote_left": {
					"position": [-1, -0.1, -0.1]
				},
				"eyelid_emote_right": {
					"position": [1, -0.1, -0.1]
				}
			}
		},
		"animation.manectric.fishe": {
			"loop": true,
			"bones": {
				"torso": {
					"scale": [1, 1.8, 1]
				},
				"torso2": {
					"scale": [1, 0.8, 1]
				},
				"chest_fur": {
					"rotation": [97.5, 0, 0],
					"position": [0, -2.25, 28],
					"scale": [0.1, 1.7, 1]
				},
				"neck": {
					"scale": [1, 0.8, 1]
				},
				"head_angle": {
					"rotation": [2.5, 0, 0],
					"position": [0, -9.5, -2],
					"scale": [1, 1.2, 1]
				},
				"snout": {
					"rotation": [7.5, 0, 0],
					"scale": [1, 1, 2.5]
				},
				"head_top": {
					"rotation": [-40, 0, 0],
					"position": [0, -0.9, -0.8]
				},
				"ear_left": {
					"rotation": [-40, 0, 0],
					"position": [0, -0.75, 4.75],
					"scale": [1, 0.6, 0.6]
				},
				"ear_right": {
					"rotation": [-40, 0, 0],
					"position": [0, -0.75, 4.75],
					"scale": [1, 0.6, 0.6]
				},
				"jaw": {
					"scale": [1, 1, 2]
				},
				"tail": {
					"position": [0, 0.5, 0]
				},
				"tail2": {
					"position": [0, 0.75, 0],
					"scale": [1, 1, 0.8]
				},
				"leg_front_right": {
					"rotation": [35, 0, 20],
					"position": [0, -0.75, 5],
					"scale": [0.6, 1, 1]
				},
				"leg_front_right2": {
					"rotation": [25, 0, 0],
					"scale": [0, 1, 1]
				},
				"foot_front_right": {
					"scale": 0
				},
				"foot_fur_right": {
					"scale": 0
				},
				"leg_front_left": {
					"rotation": [35, 0, -20],
					"position": [0, -0.75, 5],
					"scale": [0.6, 1, 1]
				},
				"leg_front_left2": {
					"rotation": [25, 0, 0],
					"scale": [0, 1, 1]
				},
				"foot_front_left": {
					"scale": 0
				},
				"foot_fur_left": {
					"scale": 0
				},
				"leg_back_left": {
					"rotation": [-37.5, 0, 0],
					"position": [-3, 0.75, 21.25],
					"scale": [0.3, 0.9, 0.9]
				},
				"leg_back_left2": {
					"scale": 0
				},
				"leg_back_right": {
					"rotation": [17.5, 0, 0],
					"position": [4, 5, 0],
					"scale": [0.1, 1.2, 1.8]
				},
				"leg_back_right3": {
					"scale": 0
				}
			}
		}
	}
}