{
	"format_version": "1.8.0",
	"animations": {
		"animation.carkol.ground_walk": {
			"loop": true,
			"bones": {
				"body": {
					"position": [0, "0-math.cos((q.anim_time)*90*20/1)*0.3", 0]
				},
				"minecart": {
					"rotation": [0, 0, "0-math.cos((q.anim_time)*90*8/1)*2"],
					"position": [0, 0, 0]
				},
				"bone11": {
					"rotation": [0, 0, "0-math.cos((q.anim_time)*90*8/1-90)*2"]
				},
				"bone12": {
					"rotation": [0, 0, "0-math.cos((q.anim_time)*90*8/1-90)*2"]
				},
				"bone14": {
					"rotation": [0, 0, "0-math.cos((q.anim_time)*90*8/1-90)*2"]
				},
				"bone13": {
					"rotation": [0, 0, "0-math.cos((q.anim_time)*90*8/1-90)*2"]
				},
				"head": {
					"rotation": ["0+math.cos((q.anim_time)*90*20/1-90)*0.3", 0, 0]
				},
				"bone": {
					"rotation": ["q.anim_time*90*5", 0, 0]
				},
				"bone4": {
					"rotation": ["q.anim_time*90*5", 0, 0]
				},
				"bone5": {
					"rotation": ["q.anim_time*90*5", 0, 0]
				},
				"bone6": {
					"rotation": ["q.anim_time*90*5", 0, 0]
				}
			}
		},
		"animation.carkol.ground_run": {
			"loop": true,
			"bones": {
				"body": {
					"position": [0, "0-math.cos((q.anim_time)*90*30/1)*0.3", 0]
				},
				"minecart": {
					"rotation": [-5, 0, "-math.cos((q.anim_time)*90*10/1)*2"],
					"position": [0, 0, 0]
				},
				"bone11": {
					"rotation": [0, 0, "0-math.cos((q.anim_time)*90*10/1-90)*2"]
				},
				"bone12": {
					"rotation": [-7.5, 0, "-math.cos((q.anim_time)*90*10/1-90)*2"]
				},
				"bone14": {
					"rotation": [-10, 0, "-math.cos((q.anim_time)*90*10/1-90)*2"]
				},
				"bone13": {
					"rotation": [-7.5, 0, "-math.cos((q.anim_time)*90*10/1-90)*2"]
				},
				"head": {
					"rotation": ["-17.5+math.cos((q.anim_time)*90*20/1-90)*0.3", 0, 0]
				},
				"bone3": {
					"rotation": [25, 0, 0]
				},
				"bone": {
					"rotation": ["q.anim_time*90*20", 0, 0]
				},
				"bone4": {
					"rotation": ["q.anim_time*90*20", 0, 0]
				},
				"bone5": {
					"rotation": ["q.anim_time*90*20", 0, 0]
				},
				"bone6": {
					"rotation": ["q.anim_time*90*20", 0, 0]
				}
			}
		},
		"animation.carkol.ground_idle": {
			"loop": true,
			"bones": {
				"minecart": {
					"rotation": ["-math.sin((q.anim_time)*90*8/4)*2", 0, 0]
				},
				"head": {
					"rotation": ["0-math.sin((q.anim_time)*90*8/4-90)*2", 0, 0]
				}
			}
		},
		"animation.carkol.cry": {
			"animation_length": 2,
			"bones": {
				"minecart": {
					"rotation": {
						"0.0": [0, 0, 0],
						"0.0833": [-10, 0, 0],
						"0.2917": [-15, 0, 0],
						"0.5417": [7.5, 0, 0],
						"0.625": [7.5, 0, 0],
						"1.0": [7.5, 0, 0],
						"1.3333": [2.5, 0, 0],
						"1.5833": [-2.75, 0, 0],
						"2.0": [0, 0, 0]
					}
				},
				"bone2": {
					"rotation": {
						"0.0": [0, 0, 0],
						"0.2917": [-11.47, 0, 0],
						"0.375": [-17.01, 0, 0],
						"0.5417": [1.91, 0, 0],
						"0.625": [7.21, 0, 0],
						"0.7083": [2.5, 0, 0],
						"1.5": [-2.5, 0, 0],
						"1.75": [2.5, 0, 0],
						"2.0": [0, 0, 0]
					}
				},
				"bone11": {
					"rotation": {
						"0.0": [0, 0, 0],
						"0.5417": [10, 0, 0],
						"0.6667": [-0.91, 0, 0],
						"1.0": [-2.5, 0, 0],
						"1.8333": [-2.5, 0, 0],
						"2.0": [0, 0, 0]
					}
				},
				"head": {
					"rotation": {
						"0.0": [0, 0, 0],
						"0.5": [-35, 0, 0],
						"0.5833": [-21.25, 0, 0],
						"0.7083": [-22.27, 0, 0],
						"1.0": [-22.39, 0, 0],
						"1.25": [-22.5, 0, 0],
						"1.625": [-15, 0, 0],
						"2.0": [0, 0, 0]
					},
					"position": {
						"0.0": [0, 0, 0],
						"0.5": [0, 0, 0],
						"0.625": [0, 0, -1],
						"1.125": [0, 0, -1],
						"2.0": [0, 0, 0]
					}
				},
				"bone3": {
					"rotation": {
						"0.0": [0, 0, 0],
						"0.5417": [5, 0, 0],
						"0.625": [30, 0, 0],
						"1.25": [30, 0, 0],
						"2.0": [0, 0, 0]
					}
				},
				"bone": {
					"position": {
						"0.0": [0, 0, 0],
						"0.125": [0, 2, 0],
						"0.2917": [0, 3, 0],
						"0.5833": [0, 0, 0]
					}
				},
				"bone6": {
					"position": {
						"0.0": [0, 0, 0],
						"0.125": [0, 2, 0],
						"0.2917": [0, 3, 0],
						"0.5833": [0, 0, 0]
					}
				}
			},
			"sound_effects": {
				"0.3333": {
					"effect": "pokemon.carkol.cry"
				}
			}
		},
		"animation.carkol.special": {
			"animation_length": 2,
			"bones": {
				"minecart": {
					"rotation": {
						"0.0": [0, 0, 0],
						"0.0833": [-10, 0, 0],
						"0.2917": [-15, 0, 0],
						"0.5417": [7.5, 0, 0],
						"0.625": [7.5, 0, 0],
						"1.0": [7.5, 0, 0],
						"1.3333": [2.5, 0, 0],
						"1.5833": [-2.75, 0, 0],
						"2.0": [0, 0, 0]
					}
				},
				"bone2": {
					"rotation": {
						"0.0": [0, 0, 0],
						"0.2917": [-11.47, 0, 0],
						"0.375": [-17.01, 0, 0],
						"0.5417": [1.91, 0, 0],
						"0.625": [7.21, 0, 0],
						"0.7083": [2.5, 0, 0],
						"1.5": [-2.5, 0, 0],
						"1.75": [2.5, 0, 0],
						"2.0": [0, 0, 0]
					}
				},
				"bone11": {
					"rotation": {
						"0.0": [0, 0, 0],
						"0.5417": [10, 0, 0],
						"0.6667": [-0.91, 0, 0],
						"1.0": [-2.5, 0, 0],
						"1.8333": [-2.5, 0, 0],
						"2.0": [0, 0, 0]
					}
				},
				"head": {
					"rotation": {
						"0.0": [0, 0, 0],
						"0.5": [-35, 0, 0],
						"0.5833": [-21.25, 0, 0],
						"0.7083": [-22.27, 0, 0],
						"1.0": [-22.39, 0, 0],
						"1.25": [-22.5, 0, 0],
						"1.625": [-15, 0, 0],
						"2.0": [0, 0, 0]
					},
					"position": {
						"0.0": [0, 0, 0],
						"0.5": [0, 0, 0],
						"0.625": [0, 0, -1],
						"1.125": [0, 0, -1],
						"2.0": [0, 0, 0]
					}
				},
				"bone3": {
					"rotation": {
						"0.0": [0, 0, 0],
						"0.5417": [5, 0, 0],
						"0.625": [30, 0, 0],
						"1.25": [30, 0, 0],
						"2.0": [0, 0, 0]
					}
				},
				"bone": {
					"position": {
						"0.0": [0, 0, 0],
						"0.125": [0, 2, 0],
						"0.2917": [0, 3, 0],
						"0.5833": [0, 0, 0]
					}
				},
				"bone6": {
					"position": {
						"0.0": [0, 0, 0],
						"0.125": [0, 2, 0],
						"0.2917": [0, 3, 0],
						"0.5833": [0, 0, 0]
					}
				}
			}
		},
		"animation.carkol.status": {
			"animation_length": 2,
			"bones": {
				"minecart": {
					"rotation": {
						"0.0": [0, 0, 0],
						"0.0833": [-10, 0, 0],
						"0.2917": [-15, 0, 0],
						"0.5417": [7.5, 0, 0],
						"0.625": [7.5, 0, 0],
						"1.0": [7.5, 0, 0],
						"1.3333": [2.5, 0, 0],
						"1.5833": [-2.75, 0, 0],
						"2.0": [0, 0, 0]
					}
				},
				"bone2": {
					"rotation": {
						"0.0": [0, 0, 0],
						"0.2917": [-11.47, 0, 0],
						"0.375": [-17.01, 0, 0],
						"0.5417": [1.91, 0, 0],
						"0.625": [7.21, 0, 0],
						"0.7083": [2.5, 0, 0],
						"1.5": [-2.5, 0, 0],
						"1.75": [2.5, 0, 0],
						"2.0": [0, 0, 0]
					}
				},
				"bone11": {
					"rotation": {
						"0.0": [0, 0, 0],
						"0.5417": [10, 0, 0],
						"0.6667": [-0.91, 0, 0],
						"1.0": [-2.5, 0, 0],
						"1.8333": [-2.5, 0, 0],
						"2.0": [0, 0, 0]
					}
				},
				"head": {
					"rotation": {
						"0.0": [0, 0, 0],
						"0.5": [-35, 0, 0],
						"0.5833": [-21.25, 0, 0],
						"0.7083": [-22.27, 0, 0],
						"1.0": [-22.39, 0, 0],
						"1.25": [-22.5, 0, 0],
						"1.625": [-15, 0, 0],
						"2.0": [0, 0, 0]
					},
					"position": {
						"0.0": [0, 0, 0],
						"0.5": [0, 0, 0],
						"0.625": [0, 0, -1],
						"1.125": [0, 0, -1],
						"2.0": [0, 0, 0]
					}
				},
				"bone3": {
					"rotation": {
						"0.0": [0, 0, 0],
						"0.5417": [5, 0, 0],
						"0.625": [30, 0, 0],
						"1.25": [30, 0, 0],
						"2.0": [0, 0, 0]
					}
				},
				"bone": {
					"position": {
						"0.0": [0, 0, 0],
						"0.125": [0, 2, 0],
						"0.2917": [0, 3, 0],
						"0.5833": [0, 0, 0]
					}
				},
				"bone6": {
					"position": {
						"0.0": [0, 0, 0],
						"0.125": [0, 2, 0],
						"0.2917": [0, 3, 0],
						"0.5833": [0, 0, 0]
					}
				}
			}
		}
	}
}