{
	"format_version": "1.8.0",
	"animations": {
		"animation.gumshoos.ground_idle": {
			"loop": true,
			"bones": {
				"tail": {
					"rotation": [42.5, 0, 0]
				},
				"tail2": {
					"rotation": [7.5, 0, 0]
				},
				"tail3": {
					"rotation": [7.5, 0, 0]
				},
				"tail4": {
					"rotation": [7.5, 0, 0]
				},
				"torso2": {
					"rotation": [-11, 0, 0]
				},
				"head_angle": {
					"rotation": [67.5, 0, 0]
				},
				"tail5": {
					"rotation": [15, 0, 0]
				},
				"body": {
					"position": [0, 0, -2]
				},
				"leg_left": {
					"rotation": [21, 0, 0]
				},
				"leg_left2": {
					"rotation": [-38.25, 0, 0]
				},
				"foot_left": {
					"rotation": [17.5, 0, 0]
				},
				"arm_left": {
					"rotation": [74.3, 51.4, -69],
					"position": [-1, 0, 0]
				},
				"arm_left2": {
					"rotation": [52.7, -1, -1.6],
					"position": [0.03592, 1.61477, -1.53191]
				},
				"hand_left": {
					"rotation": [163.1, -20.5, -34.8],
					"position": [0.89157, -1.5871, -2.56143]
				},
				"claw_left2": {
					"rotation": [0, 25, 0]
				},
				"claw_left3": {
					"rotation": [0, -25, 0]
				},
				"arm_right": {
					"rotation": [74.3, -51.4, 69],
					"position": [1, 0, 0]
				},
				"arm_right2": {
					"rotation": [52.7, 1, 1.6],
					"position": [-0.03592, 1.61477, -1.53191]
				},
				"hand_right": {
					"rotation": [163.1, 20.5, 34.8],
					"position": [-0.89157, -1.5871, -2.56143]
				},
				"claw_right2": {
					"rotation": [0, -25, 0]
				},
				"claw_right3": {
					"rotation": [0, 25, 0]
				},
				"hips": {
					"rotation": [-57.5, 0, 0]
				},
				"back_fur_middle": {
					"rotation": [62.5, 0, 0],
					"position": [0, 0.1, -1.9]
				},
				"back_fur_middle2": {
					"rotation": [10, 0, 0]
				},
				"back_fur_left3": {
					"rotation": [40.45, 20.3, 5.7],
					"position": [-0.4, -0.2, 0.3]
				},
				"back_fur_left4": {
					"rotation": [15.35, -12, -3.3]
				},
				"back_fur": {
					"position": [0, -0.2, -0.25]
				},
				"back_fur_left": {
					"rotation": [56.4, -14.5, 11],
					"position": [-0.25532, -0.70974, -1.87343]
				},
				"back_fur_left2": {
					"rotation": [10, 0, 0]
				},
				"back_fur_right3": {
					"rotation": [40.45, -20.3, -5.7],
					"position": [0.4, -0.2, 0.3]
				},
				"back_fur_right4": {
					"rotation": [15.35, 12, 3.3]
				},
				"back_fur_right": {
					"rotation": [56.4, 14.5, -11],
					"position": [0.25, -0.7, -1.8]
				},
				"back_fur_right2": {
					"rotation": [10, 0, 0]
				},
				"claw_back_left3": {
					"rotation": [0, 25, 0]
				},
				"claw_back_left2": {
					"rotation": [0, -25, 0]
				},
				"leg_right": {
					"rotation": [21, 0, 0]
				},
				"leg_right2": {
					"rotation": [-38.25, 0, 0]
				},
				"foot_right": {
					"rotation": [17.5, 0, 0]
				},
				"claw_back_right2": {
					"rotation": [0, 25, 0]
				},
				"claw_back_right3": {
					"rotation": [0, -25, 0]
				},
				"ftorso2": {
					"rotation": [-11, 0, 0]
				}
			}
		},
		"animation.gumshoos.ground_idle_quadruped": {
			"loop": true,
			"bones": {
				"tail": {
					"rotation": [-10, 0, 0]
				},
				"tail2": {
					"rotation": [-10, 0, 0]
				},
				"tail3": {
					"rotation": [7.5, 0, 0]
				},
				"tail4": {
					"rotation": [10, 0, 0]
				},
				"torso2": {
					"rotation": [6.5, 0, 0],
					"position": [0, -0.1, -1]
				},
				"head_angle": {
					"rotation": [2.5, 0, 0]
				},
				"torso": {
					"rotation": [0, 0, 0],
					"position": [0, 3, 0]
				},
				"tail5": {
					"rotation": [0, 0, 0]
				},
				"body": {
					"position": [0, 0, -2]
				},
				"leg_left": {
					"rotation": [21, -15, 0]
				},
				"leg_left2": {
					"rotation": [-38.25, 0, 0]
				},
				"foot_left": {
					"rotation": [17.5, 0, 0]
				},
				"chest_fur_left": {
					"rotation": [-1.3, 3, 29.8]
				},
				"arm_left": {
					"rotation": [8.5, 0, 0]
				},
				"arm_left2": {
					"rotation": [-15, 0, 0]
				},
				"arm_right": {
					"rotation": [8.5, 0, 0]
				},
				"arm_right2": {
					"rotation": [-15, 0, 0]
				},
				"back_fur_left3": {
					"rotation": [-10, 17.6, -11.7],
					"position": [-0.1, 0, 0]
				},
				"back_fur_left4": {
					"rotation": [15.3, -12, -3.3]
				},
				"back_fur_left": {
					"rotation": [0.5, 1.25, 18.1],
					"position": [-0.16, -0.5, -0.25]
				},
				"back_fur_left2": {
					"rotation": [10, 0, 0]
				},
				"back_fur_middle": {
					"rotation": [7.5, 0, 0],
					"position": [0, -0.01305, -0.09914]
				},
				"back_fur_middle2": {
					"rotation": [10, 0, 0]
				},
				"back_fur_right3": {
					"rotation": [-10, -17.6, 11.7],
					"position": [0.1, 0, 0]
				},
				"back_fur_right4": {
					"rotation": [15.3, 12, 3.3]
				},
				"back_fur_right": {
					"rotation": [0.5, -1.25, -18.1],
					"position": [0.16, -0.5, -0.25]
				},
				"back_fur_right2": {
					"rotation": [10, 0, 0]
				},
				"chest_fur_right": {
					"rotation": [-1.3, -3, -29.8]
				},
				"leg_right": {
					"rotation": [21, 15, 0]
				},
				"leg_right2": {
					"rotation": [-38.25, 0, 0]
				},
				"foot_right": {
					"rotation": [17.5, 0, 0]
				},
				"arms": {
					"rotation": [7.5, 0, 0],
					"position": [0, 2.75, 0]
				}
			}
		},
		"animation.gumshoos.cry": {
			"animation_length": 1.75,
			"bones": {
				"torso2": {
					"rotation": {
						"0.0": [0, 0, 0],
						"0.25": [7.5, 0, 0],
						"1.25": [7.5, 0, 0],
						"1.5": [0, 0, 0]
					}
				},
				"head": {
					"rotation": {
						"0.0": [0, 0, 0],
						"0.25": [-7.5, 0, 0],
						"1.25": [-7.5, 0, 0],
						"1.5": [0, 0, 0]
					}
				},
				"mouth_closed": {
					"position": {
						"0.0": [0, 0, 0],
						"0.25": [0, 0, 0],
						"1.25": [0, 0, 0],
						"1.5": [0, 0, 0]
					},
					"scale": {
						"0.0": [1, 1, 1],
						"0.25": {"pre": [1, 1, 1], "post": [0.5, 0.5, 0.5]},
						"1.25": [0.5, 0.5, 0.5],
						"1.5": {"pre": [0.5, 0.5, 0.5], "post": [1, 1, 1]}
					}
				},
				"mouth_open": {
					"position": {
						"0.0": [0, 0, 0],
						"0.25": [0, 0, 0],
						"1.25": {"pre": [0, 0, 0], "post": [0, -0.01, 0]},
						"1.5": {"pre": [0, -0.01, 0], "post": [0, 0, 0]}
					},
					"scale": {
						"0.0": [0, 0, 0],
						"0.25": {"pre": [0, 0, 0], "post": [1.01, 1.03, 1.02]},
						"1.25": [1.01, 1.03, 1.02],
						"1.5": {"pre": [1.01, 1.03, 1.02], "post": [1, 1, 1]}
					}
				}
			},
			"sound_effects": {
				"0.0833": {
					"effect": "pokemon.gumshoos.cry"
				}
			}
		},
		"animation.gumshoos.hold_item": {
			"loop": true,
			"bones": {
				"arm_right": {
					"rotation": [-10, 0, 0]
				},
				"arm_right2": {
					"rotation": [-12.5, 0, 0]
				},
				"hand_right": {
					"rotation": [-57.5, 0, -12.5],
					"position": [0.5, 0.5, 0]
				}
			}
		},
		"animation.gumshoos.angry": {
			"loop": true,
			"bones": {
				"mouth_closed": {
					"scale": 0.1
				},
				"mouth_open": {
					"scale": [1.01, 1.03, 1.02]
				},
				"pupil_left": {
					"rotation": [0, 0, -15]
				},
				"pupil_right": {
					"rotation": [0, 0, 15]
				}
			}
		},
		"animation.gumshoos.sad": {
			"loop": true,
			"bones": {
				"pupil_left": {
					"rotation": [0, 0, 15]
				},
				"pupil_right": {
					"rotation": [0, 0, -15]
				}
			}
		},
		"animation.gumshoos.blink": {
			"loop": true
		}
	}
}