{
	"format_version": "1.8.0",
	"animations": {
		"animation.yungoos.pose": {
			"loop": true,
			"bones": {
				"torso": {
					"rotation": [7.5, 0, 0]
				},
				"torso2": {
					"rotation": [-10, 0, 0]
				},
				"tail": {
					"rotation": [-22.5, 0, 0]
				},
				"tail2": {
					"rotation": [0, 0, 0]
				},
				"tail3": {
					"rotation": [32.5, 0, 0]
				},
				"tail4": {
					"rotation": [51, 0, 0]
				},
				"tail5": {
					"rotation": [35, 0, 0]
				},
				"neck": {
					"rotation": [-37.5, -17.5, -0.8],
					"position": [0.15, -0.6, 0.8]
				},
				"head": {
					"rotation": [20, 0, 0]
				},
				"leg_front_left": {
					"rotation": [-17, 0, 71],
					"position": [1, 1, 0]
				},
				"leg_front_left2": {
					"rotation": [-1.5, 71, 26],
					"position": [0.3971, -0.08624, 0.29133]
				},
				"leg_back_left": {
					"rotation": [32.5, 0, 0],
					"position": [-1, 0.25, 0]
				},
				"leg_back_left2": {
					"rotation": [-40, 0, 0]
				},
				"foot_back_left": {
					"rotation": [7.5, 0, 0]
				},
				"head_angle": {
					"rotation": [30, -40, -21],
					"position": [-0.44351, 0.61642, -0.46982]
				},
				"ear_right": {
					"rotation": [0, 0, 30]
				},
				"ear_left": {
					"rotation": [0, 0, -30]
				},
				"leg_front_right": {
					"rotation": [-20, 24, -79],
					"position": [1, 0, 0]
				},
				"leg_front_right2": {
					"rotation": [6.24605, -19.03771, -18.54835]
				},
				"paw_front_left": {
					"rotation": [169, -30.5, -193],
					"position": [0.78478, 0, -0.05574]
				},
				"front_claw_left": {
					"rotation": [10, 0, 0]
				},
				"front_claw_left3": {
					"rotation": [-20, 0, 0]
				},
				"mouth_open": {
					"position": [0, 0, 0],
					"scale": 1
				},
				"ftorso2": {
					"position": [0, 1, 0]
				},
				"leg_back_right": {
					"rotation": [32.5, 0, 0],
					"position": [1, 0.25, 0]
				},
				"leg_back_right2": {
					"rotation": [-40, 0, 0]
				},
				"foot_back_right": {
					"rotation": [7.5, 0, 0]
				},
				"undefined": {
					"position": [0, 0, 0],
					"scale": 1
				}
			}
		},
		"animation.yungoos.ground_idle": {
			"loop": true,
			"bones": {
				"torso": {
					"rotation": [7.5, 0, 0]
				},
				"torso2": {
					"rotation": [-5, 0, 0]
				},
				"tail": {
					"rotation": [-22.5, 0, 0]
				},
				"tail2": {
					"rotation": [0, 0, 0]
				},
				"tail3": {
					"rotation": [5, 0, 0]
				},
				"tail4": {
					"rotation": [16, 0, 0]
				},
				"tail5": {
					"rotation": [15, 0, 0]
				},
				"neck": {
					"rotation": [-15, 0, 0]
				},
				"head": {
					"rotation": [20, 0, 0]
				},
				"leg_front_left": {
					"rotation": [-14, -22.8, 77],
					"position": [0, 0, 0]
				},
				"leg_front_left2": {
					"rotation": [6, 19, 18.5]
				},
				"leg_back_left": {
					"rotation": [32.5, 0, 0],
					"position": [-1, 0.25, 0]
				},
				"leg_back_left2": {
					"rotation": [-40, 0, 0]
				},
				"foot_back_left": {
					"rotation": [7.5, 0, 0]
				},
				"head_angle": {
					"rotation": [-5, 0, 0]
				},
				"ear_right": {
					"rotation": [0, 0, 30]
				},
				"ear_left": {
					"rotation": [0, 0, -30]
				},
				"leg_front_right": {
					"rotation": [-14, 22.8, -77]
				},
				"leg_front_right2": {
					"rotation": [6, -19, -18.5]
				},
				"hips": {
					"rotation": [0, 0, 0]
				},
				"mouth_open": {
					"position": [0, 0, 0],
					"scale": 1
				},
				"ftorso2": {
					"position": [0, 1, 0]
				},
				"leg_back_right": {
					"rotation": [32.5, 0, 0],
					"position": [1, 0.25, 0]
				},
				"leg_back_right2": {
					"rotation": [-40, 0, 0]
				},
				"foot_back_right": {
					"rotation": [7.5, 0, 0]
				},
				"paw_front_left": {
					"rotation": [0, -1, 0]
				},
				"paw_front_right": {
					"rotation": [0, 1, 0]
				},
				"undefined": {
					"position": [0, 0, 0],
					"scale": 1
				}
			}
		},
		"animation.yungoos.item_hold": {
			"loop": true,
			"bones": {
				"hips": {
					"rotation": [-22.5, 0, 0]
				},
				"torso2": {
					"rotation": [2.5, 0, 0]
				},
				"neck": {
					"rotation": [-10, 0, 0]
				},
				"tail2": {
					"rotation": [22.5, 0, 0]
				},
				"legs_front": {
					"rotation": [-25, 0, 0],
					"position": [0, -0.95372, 0.30071]
				},
				"leg_front_left2": {
					"rotation": [-0.15, -5, 44.5],
					"position": [0.22028, -0.4321, -0.12152]
				},
				"paw_front_left": {
					"rotation": [-54, -36.8, 67],
					"position": [-0.15, 0.4, -0.3]
				},
				"front_claw_left": {
					"rotation": [28.9854, -17.66046, -9.54013]
				},
				"front_claw_left3": {
					"rotation": [-37.68944, -20.25437, 14.97401]
				},
				"leg_front_right2": {
					"rotation": [-0.15, 5, -44.5],
					"position": [-0.22028, -0.4321, -0.12152]
				},
				"paw_front_right": {
					"rotation": [-54, 36.8, -67],
					"position": [0.15, 0.4, -0.3]
				},
				"front_claw_right": {
					"rotation": [28.9854, 17.66046, 9.54013]
				},
				"front_claw_right3": {
					"rotation": [-37.68944, 20.25437, -14.97401]
				},
				"ftorso2": {
					"rotation": [5, 0, 0],
					"position": [0, 0.99619, -0.08716]
				},
				"head": {
					"rotation": [32.5, 0, 0],
					"position": [0, -0.42, 1.35]
				},
				"undefined": {
					"rotation": [32.5, 0, 0],
					"position": [0, -0.42, 1.35]
				},
				"locator_item": {
					"rotation": [0, 45, 0],
					"position": [-1, 1, -2]
				}
			}
		},
		"animation.yungoos.blink": {
			"animation_length": 0.1667,
			"bones": {
				"pupil_left": {
					"position": {
						"0.0": [0, 0, 0.1],
						"0.125": [0, 0, 0.1],
						"0.1667": {"pre": [0, 0, 0.1], "post": [0, 0, 0]}
					}
				},
				"eyelid_left": {
					"position": {
						"0.0": [0, 0, -0.1],
						"0.125": [0, 0, -0.1],
						"0.1667": {"pre": [0, 0, -0.1], "post": [0, 0, 0]}
					}
				},
				"pupil_right": {
					"position": {
						"0.0": [0, 0, 0.1],
						"0.125": [0, 0, 0.1],
						"0.1667": {"pre": [0, 0, 0.1], "post": [0, 0, 0]}
					}
				},
				"eyelid_right": {
					"position": {
						"0.0": [0, 0, -0.1],
						"0.125": [0, 0, -0.1],
						"0.1667": {"pre": [0, 0, -0.1], "post": [0, 0, 0]}
					}
				},
				"undefined": {
					"position": {
						"0.0": [0, 0, -0.1],
						"0.125": [0, 0, -0.1],
						"0.1667": {"pre": [0, 0, -0.1], "post": [0, 0, 0]}
					}
				}
			}
		},
		"animation.yungoos.cry": {
			"animation_length": 1.5,
			"bones": {
				"jaw": {
					"rotation": {
						"0.0": [0, 0, 0],
						"0.25": [42.5, 0, 0],
						"1.25": [42.5, 0, 0],
						"1.5": [0, 0, 0]
					}
				},
				"torso2": {
					"rotation": {
						"0.0": [0, 0, 0],
						"0.25": [-5, 0, 0],
						"1.25": [-5, 0, 0],
						"1.5": [0, 0, 0]
					}
				},
				"neck": {
					"rotation": {
						"0.0": [0, 0, 0],
						"0.25": [-7.5, 0, 0],
						"1.25": [-7.5, 0, 0],
						"1.5": [0, 0, 0]
					}
				},
				"head": {
					"rotation": {
						"0.0": [0, 0, 0],
						"0.25": [7.5, 0, 0],
						"1.25": [7.5, 0, 0],
						"1.5": [0, 0, 0]
					}
				},
				"mouth_closed": {
					"position": {
						"0.0": [0, 0, 0],
						"0.25": [0, 0, 0],
						"1.25": [0, 0, 0],
						"1.5": [0, 0, 0]
					},
					"scale": {
						"0.0": [1, 1, 1],
						"0.1667": [1, 1, 1],
						"0.25": {"pre": [1, 1, 1], "post": [0, 0, 0]},
						"1.25": [0, 0, 0],
						"1.3333": {"pre": [0, 0, 0], "post": [1, 1, 1]},
						"1.5": [1, 1, 1]
					}
				},
				"mouth_open": {
					"position": {
						"0.0": [0, 0, 0],
						"0.25": [0, -0.01, -0.1],
						"1.25": [0, -0.01, -0.1],
						"1.5": [0, 0, 0]
					},
					"scale": {
						"0.0": [0, 0, 0],
						"0.1667": [1, 1, 1],
						"0.25": {"pre": [1, 1, 1], "post": [1.03, 1.03, 1.03]},
						"1.25": [1.03, 1.03, 1.03],
						"1.3333": {"pre": [1.03, 1.03, 1.03], "post": [1, 1, 1]},
						"1.5": [1, 1, 1]
					}
				},
				"undefined": {
					"position": {
						"0.0": [0, 0, 0],
						"0.25": [0, -0.01, -0.1],
						"1.25": [0, -0.01, -0.1],
						"1.5": [0, 0, 0]
					},
					"scale": {
						"0.0": [0, 0, 0],
						"0.1667": [1, 1, 1],
						"0.25": {"pre": [1, 1, 1], "post": [1.03, 1.03, 1.03]},
						"1.25": [1.03, 1.03, 1.03],
						"1.3333": {"pre": [1.03, 1.03, 1.03], "post": [1, 1, 1]},
						"1.5": [1, 1, 1]
					}
				}
			},
			"sound_effects": {
				"0.1667": {
					"effect": "pokemon.yungoos.cry"
				}
			}
		},
		"animation.yungoos.angry": {
			"loop": true,
			"bones": {
				"eye_shine_left": {
					"position": [0, 0, 0.1]
				},
				"eye_angry_left": {
					"position": [0, 0.25, -0.1]
				},
				"eye_shine_right": {
					"position": [0, 0, 0.1]
				},
				"eye_angry_right": {
					"position": [0, 0.25, -0.1]
				},
				"undefined": {
					"position": [0, 0.25, -0.1]
				}
			}
		},
		"animation.yungoos.happy": {
			"loop": true,
			"bones": {
				"eye_happy_left": {
					"position": [0, 0, -0.1]
				},
				"eye_happy_right": {
					"position": [0, 0, -0.1]
				},
				"undefined": {
					"position": [0, 0, -0.1]
				}
			}
		},
		"animation.yungoos.sad": {
			"loop": true,
			"bones": {
				"eye_sad_left": {
					"position": [0, 0, -0.1]
				},
				"eye_sad_right": {
					"position": [0, 0, -0.1]
				},
				"undefined": {
					"position": [0, 0, -0.1]
				}
			}
		},
		"animation.yungoos.hurt": {
			"loop": true,
			"bones": {
				"eye_hurt_left": {
					"position": [0, 0, -0.1]
				},
				"eye_hurt_right": {
					"position": [0, 0, -0.1]
				},
				"undefined": {
					"position": [0, 0, -0.1]
				}
			}
		},
		"animation.yungoos.shock": {
			"loop": true,
			"bones": {
				"mouth_closed": {
					"scale": 0
				},
				"mouth_open": {
					"position": [0, -0.05, -0.125],
					"scale": 1.01
				},
				"pupil_left": {
					"scale": 0.7
				},
				"brow": {
					"position": [0, 0.25, 0]
				},
				"pupil_right": {
					"scale": 0.7
				},
				"undefined": {
					"position": [0, 0.25, 0]
				}
			}
		},
		"animation.yungoos.tired": {
			"loop": true,
			"bones": {
				"pupil_left": {
					"position": [0, -0.00872, 0.09962]
				},
				"eyelid_left": {
					"rotation": [0, 0, 15],
					"position": [0, 0, -0.1]
				},
				"brow": {
					"position": [0, 0.25, 0]
				},
				"pupil_right": {
					"position": [0, 0, 0.1]
				},
				"eyelid_right": {
					"rotation": [0, 0, -15],
					"position": [0, 0, -0.1]
				},
				"undefined": {
					"position": [0, 0.25, 0]
				}
			}
		}
	}
}