{
	"format_version": "1.8.0",
	"animations": {
		"animation.swalot.render": {
			"loop": true,
			"bones": {
				"body": {
					"rotation": [0, -47.5, 0]
				},
				"leg1": {
					"position": [-0.8, 0, 0]
				},
				"torso_head": {
					"rotation": [0, 5, 0]
				},
				"head": {
					"rotation": [-5, 0, 0],
					"position": [0, -1, 0]
				},
				"bigote1": {
					"rotation": [0, 20, -37.5],
					"position": [0, 0, -1]
				},
				"bigote_part1": {
					"rotation": [0, 0, 45],
					"position": [1, 1, 0]
				},
				"bigote2": {
					"rotation": [0, -15, 37.5],
					"position": [0, 0, -1]
				},
				"bigote_part2": {
					"rotation": [0, 0, -45],
					"position": [-1, 1, 0]
				},
				"hand1": {
					"rotation": [0, 17.5, 40],
					"position": [7, 7, 0]
				},
				"hand2": {
					"rotation": [0, -17.5, -40],
					"position": [-7, 7, 0]
				}
			}
		},
		"animation.swalot.ground_idle": {
			"loop": true,
			"bones": {
				"torso": {
					"rotation": ["0+math.sin(q.anim_time*90*2+90)*4", 0, "math.cos(query.anim_time*90*2+90)*2"]
				},
				"torso_head": {
					"rotation": [-5, 0, 0],
					"position": [0, -2, 0]
				},
				"head": {
					"rotation": ["math.cos(q.anim_time*90*2+90)*2", 0, 0]
				},
				"bigote1": {
					"rotation": [0, "17.5-math.cos(q.anim_time*90*2+90)*4", "-35-math.sin(q.anim_time*90*4+90)*2"],
					"position": [0, 0, -1]
				},
				"bigote_part1": {
					"rotation": [0, 0, 40],
					"position": [0, 1, 0]
				},
				"bigote2": {
					"rotation": [0, "-17.5+math.cos(q.anim_time*90*2+90)*4", "35+math.sin(q.anim_time*90*4+90)*2"],
					"position": [0, 0, -1]
				},
				"bigote_part2": {
					"rotation": [0, 0, -40],
					"position": [0, 1, 0]
				},
				"hand1": {
					"rotation": [9.06159, "23.399-math.sin(q.anim_time*90*2+60)*2", "21.8802-math.cos(q.anim_time*90*2+60)*2"],
					"position": [0, 3, -6]
				},
				"hand2": {
					"rotation": [9.06159, "-23.399+math.sin(q.anim_time*90*2+60)*2", "-21.8802+math.cos(q.anim_time*90*2+60)*2"],
					"position": [0, 3, -6]
				},
				"body": {
					"scale": [1, "1-math.cos(q.anim_time*90*4-90)*0.03", 1]
				}
			}
		},
		"animation.swalot.pose": {
			"loop": true,
			"bones": {
				"torso": {
					"rotation": [0, 0, 0]
				},
				"torso_head": {
					"rotation": [-5, 0, 0],
					"position": [0, -2, 0]
				},
				"head": {
					"rotation": [0, 0, 0]
				},
				"bigote1": {
					"rotation": [0, 17.5, -35],
					"position": [0, 0, -1]
				},
				"bigote_part1": {
					"rotation": [0, 0, 40],
					"position": [0, 1, 0]
				},
				"bigote2": {
					"rotation": [0, -17.5, 35],
					"position": [0, 0, -1]
				},
				"bigote_part2": {
					"rotation": [0, 0, -40],
					"position": [0, 1, 0]
				},
				"hand1": {
					"rotation": [9.06159, 23.399, 21.8802],
					"position": [0, 3, -6]
				},
				"hand2": {
					"rotation": [9.06159, -23.399, -21.8802],
					"position": [0, 3, -6]
				},
				"body": {
					"scale": 1
				}
			}
		},
		"animation.swalot.status": {
			"animation_length": 1.75,
			"bones": {
				"torso": {
					"rotation": {
						"0.0": {
							"post": [0, 0, 0],
							"lerp_mode": "catmullrom"
						},
						"0.25": {
							"post": [0, 0, 0],
							"lerp_mode": "catmullrom"
						},
						"0.5": {
							"post": [5, 0, 0],
							"lerp_mode": "catmullrom"
						},
						"0.7083": {
							"post": [0, 0, 0],
							"lerp_mode": "catmullrom"
						},
						"1.0": {
							"post": [0, 0, 0],
							"lerp_mode": "catmullrom"
						},
						"1.25": {
							"post": [0, 0, 0],
							"lerp_mode": "catmullrom"
						},
						"1.5": {
							"post": [0, 0, 0],
							"lerp_mode": "catmullrom"
						},
						"1.75": {
							"post": [0, 0, 0],
							"lerp_mode": "catmullrom"
						}
					}
				},
				"torso_head": {
					"rotation": {
						"0.0": {
							"post": [-5, 0, 0],
							"lerp_mode": "catmullrom"
						},
						"0.25": {
							"post": [-5, 0, 0],
							"lerp_mode": "catmullrom"
						},
						"0.5": {
							"post": [10, 0, 0],
							"lerp_mode": "catmullrom"
						},
						"0.7083": {
							"post": [-17.5, 0, 0],
							"lerp_mode": "catmullrom"
						},
						"1.0": {
							"post": [-17.5, 0, 0],
							"lerp_mode": "catmullrom"
						},
						"1.25": {
							"post": [-17.5, 0, 0],
							"lerp_mode": "catmullrom"
						},
						"1.5": {
							"post": [-17.5, 0, 0],
							"lerp_mode": "catmullrom"
						},
						"1.75": {
							"post": [-5, 0, 0],
							"lerp_mode": "catmullrom"
						}
					},
					"position": {
						"0.0": {
							"post": [0, -2, 0],
							"lerp_mode": "catmullrom"
						},
						"0.25": {
							"post": [0, -2, 0],
							"lerp_mode": "catmullrom"
						},
						"0.7083": {
							"post": [0, -2, 2],
							"lerp_mode": "catmullrom"
						},
						"1.0": {
							"post": [0, -2, 2],
							"lerp_mode": "catmullrom"
						},
						"1.25": {
							"post": [0, -2, 2],
							"lerp_mode": "catmullrom"
						},
						"1.5": {
							"post": [0, -2, 2],
							"lerp_mode": "catmullrom"
						},
						"1.75": {
							"post": [0, -2, 0],
							"lerp_mode": "catmullrom"
						}
					}
				},
				"head": {
					"rotation": {
						"0.0": {
							"post": [0, 0, 0],
							"lerp_mode": "catmullrom"
						},
						"0.25": {
							"post": [0, 0, 0],
							"lerp_mode": "catmullrom"
						},
						"0.5": {
							"post": [5, 0, 0],
							"lerp_mode": "catmullrom"
						},
						"0.7083": {
							"post": [-5, 0, 0],
							"lerp_mode": "catmullrom"
						},
						"1.0": {
							"post": [-5, 0, 0],
							"lerp_mode": "catmullrom"
						},
						"1.25": {
							"post": [-5, 0, 0],
							"lerp_mode": "catmullrom"
						},
						"1.5": {
							"post": [-5, 0, 0],
							"lerp_mode": "catmullrom"
						},
						"1.75": {
							"post": [0, 0, 0],
							"lerp_mode": "catmullrom"
						}
					}
				},
				"bigote1": {
					"rotation": {
						"0.0": [0, 17.5, -35],
						"0.25": [0, 17.5, -35],
						"0.5": [0, 17.5, -35],
						"0.7083": [0, "17.5+Math.cos(q.anim_time*90*24-360)*8", -35],
						"1.0": [0, "17.5+Math.cos(q.anim_time*90*24-360)*8", -35],
						"1.25": [0, "17.5+Math.cos(q.anim_time*90*24-360)*8", -35],
						"1.5": [0, "17.5+Math.cos(q.anim_time*90*24-360)*8", -35],
						"1.75": [0, 17.5, -35]
					},
					"position": {
						"0.0": [0, 0, -1],
						"0.25": [0, 0, -1],
						"0.5": [0, 0, -1],
						"1.75": [0, 0, -1]
					}
				},
				"bigote_part1": {
					"rotation": [0, 0, 40],
					"position": [0, 1, 0]
				},
				"bigote2": {
					"rotation": {
						"0.0": [0, -17.5, 35],
						"0.25": [0, -17.5, 35],
						"0.5": [0, -17.5, 35],
						"0.7083": [0, "-17.5+Math.cos(q.anim_time*90*24-360)*8", 35],
						"1.0": [0, "-17.5+Math.cos(q.anim_time*90*24-360)*8", 35],
						"1.25": [0, "-17.5+Math.cos(q.anim_time*90*24-360)*8", 35],
						"1.5": [0, "-17.5+Math.cos(q.anim_time*90*24-360)*8", 35],
						"1.75": [0, -17.5, 35]
					},
					"position": {
						"0.0": [0, 0, -1],
						"0.25": [0, 0, -1],
						"0.5": [0, 0, -1],
						"1.75": [0, 0, -1]
					}
				},
				"bigote_part2": {
					"rotation": {
						"0.0": [0, 0, -40],
						"0.25": [0, 0, -40],
						"1.75": [0, 0, -40]
					},
					"position": {
						"0.0": [0, 1, 0],
						"0.25": [0, 1, 0],
						"1.75": [0, 1, 0]
					}
				},
				"hand1": {
					"rotation": {
						"0.0": {
							"post": [9.06159, 23.399, 21.8802],
							"lerp_mode": "catmullrom"
						},
						"0.25": {
							"post": [9.06159, 23.399, 21.8802],
							"lerp_mode": "catmullrom"
						},
						"0.5": {
							"post": [13.84883, 52.85217, 29.37319],
							"lerp_mode": "catmullrom"
						},
						"0.7083": {
							"post": [8.76512, 18.45929, 21.05103],
							"lerp_mode": "catmullrom"
						},
						"1.0": {
							"post": [8.76512, 18.45929, 21.05103],
							"lerp_mode": "catmullrom"
						},
						"1.25": {
							"post": [8.76512, 18.45929, 21.05103],
							"lerp_mode": "catmullrom"
						},
						"1.5": {
							"post": [8.76512, 18.45929, 21.05103],
							"lerp_mode": "catmullrom"
						},
						"1.75": {
							"post": [9.06159, 23.399, 21.8802],
							"lerp_mode": "catmullrom"
						}
					},
					"position": {
						"0.0": {
							"post": [0, 3, -6],
							"lerp_mode": "catmullrom"
						},
						"0.25": {
							"post": [0, 3, -6],
							"lerp_mode": "catmullrom"
						},
						"0.5": {
							"post": [-1, 4, 2],
							"lerp_mode": "catmullrom"
						},
						"0.7083": {
							"post": [0, 3, -7],
							"lerp_mode": "catmullrom"
						},
						"1.0": {
							"post": [0, 3, -7],
							"lerp_mode": "catmullrom"
						},
						"1.25": {
							"post": [0, 3, -7],
							"lerp_mode": "catmullrom"
						},
						"1.5": {
							"post": [0, 3, -7],
							"lerp_mode": "catmullrom"
						},
						"1.75": {
							"post": [0, 3, -6],
							"lerp_mode": "catmullrom"
						}
					}
				},
				"hand2": {
					"rotation": {
						"0.0": {
							"post": [9.06159, -23.399, -21.8802],
							"lerp_mode": "catmullrom"
						},
						"0.25": {
							"post": [9.06159, -23.399, -21.8802],
							"lerp_mode": "catmullrom"
						},
						"0.5": {
							"post": [13.84883, -52.85217, -29.37319],
							"lerp_mode": "catmullrom"
						},
						"0.7083": {
							"post": [8.76512, -18.45929, -21.05103],
							"lerp_mode": "catmullrom"
						},
						"1.0": {
							"post": [8.76512, -18.45929, -21.05103],
							"lerp_mode": "catmullrom"
						},
						"1.25": {
							"post": [8.76512, -18.45929, -21.05103],
							"lerp_mode": "catmullrom"
						},
						"1.5": {
							"post": [8.76512, -18.45929, -21.05103],
							"lerp_mode": "catmullrom"
						},
						"1.75": {
							"post": [9.06159, -23.399, -21.8802],
							"lerp_mode": "catmullrom"
						}
					},
					"position": {
						"0.0": {
							"post": [0, 3, -6],
							"lerp_mode": "catmullrom"
						},
						"0.25": {
							"post": [0, 3, -6],
							"lerp_mode": "catmullrom"
						},
						"0.5": {
							"post": [1, 4, 2],
							"lerp_mode": "catmullrom"
						},
						"0.7083": {
							"post": [0, 3, -7],
							"lerp_mode": "catmullrom"
						},
						"1.0": {
							"post": [0, 3, -7],
							"lerp_mode": "catmullrom"
						},
						"1.25": {
							"post": [0, 3, -7],
							"lerp_mode": "catmullrom"
						},
						"1.5": {
							"post": [0, 3, -7],
							"lerp_mode": "catmullrom"
						},
						"1.75": {
							"post": [0, 3, -6],
							"lerp_mode": "catmullrom"
						}
					}
				},
				"body": {
					"rotation": {
						"0.0": {
							"post": [0, 0, 0],
							"lerp_mode": "catmullrom"
						},
						"0.25": {
							"post": [0, 0, 0],
							"lerp_mode": "catmullrom"
						},
						"0.5": {
							"post": [10, 0, 0],
							"lerp_mode": "catmullrom"
						},
						"0.75": [-2.5, "0+Math.sin(q.anim_time*90*24-180)*8", "0+Math.cos(q.anim_time*90*24-360)*4"],
						"1.0": [-2.5, "0+Math.sin(q.anim_time*90*24-180)*8", "0+Math.cos(q.anim_time*90*24-360)*4"],
						"1.125": [-2.5, "0+Math.sin(q.anim_time*90*24-180)*8", "0+Math.cos(q.anim_time*90*24-360)*4"],
						"1.2917": [-2.5, "0+Math.sin(q.anim_time*90*24-180)*8", "0+Math.cos(q.anim_time*90*24-360)*4"],
						"1.5417": [-2.5, "0+Math.sin(q.anim_time*90*24-180)*8", "0+Math.cos(q.anim_time*90*24-360)*4"],
						"1.75": {
							"pre": [0, 0, 0],
							"post": [0, 0, 0],
							"lerp_mode": "catmullrom"
						}
					},
					"scale": {
						"1.75": {
							"pre": [1, 1, 1],
							"post": [1, 1, 1],
							"lerp_mode": "catmullrom"
						}
					}
				},
				"leg1": {
					"rotation": {
						"0.0": {
							"post": [0, 0, 0],
							"lerp_mode": "catmullrom"
						},
						"0.25": {
							"post": [0, 0, 0],
							"lerp_mode": "catmullrom"
						},
						"0.5": {
							"post": [2.5, 0, 0],
							"lerp_mode": "catmullrom"
						},
						"0.7083": {
							"post": [-9.99265, 0.50633, 0.01716],
							"lerp_mode": "catmullrom"
						},
						"1.0": {
							"post": [-9.99265, 0.50633, 0.01716],
							"lerp_mode": "catmullrom"
						},
						"1.25": {
							"post": [-9.99265, 0.50633, 0.01716],
							"lerp_mode": "catmullrom"
						},
						"1.5": {
							"post": [-9.99265, 0.50633, 0.01716],
							"lerp_mode": "catmullrom"
						},
						"1.75": {
							"post": [0, 0, 0],
							"lerp_mode": "catmullrom"
						}
					},
					"position": {
						"0.0": [0, 0, 0],
						"0.25": [0, 0, 0],
						"0.5": [0, 0, 1],
						"1.75": [0, 0, 0]
					}
				},
				"mounch": {
					"scale": {
						"0.0": {
							"post": [1, 1, 1],
							"lerp_mode": "catmullrom"
						},
						"0.4583": {
							"post": [1, 1, 1],
							"lerp_mode": "catmullrom"
						},
						"0.7083": {
							"post": [1, 0, 1],
							"lerp_mode": "catmullrom"
						},
						"1.0": {
							"post": [1, 0, 1],
							"lerp_mode": "catmullrom"
						},
						"1.25": {
							"post": [1, 0, 1],
							"lerp_mode": "catmullrom"
						},
						"1.5": {
							"post": [1, 0, 1],
							"lerp_mode": "catmullrom"
						},
						"1.75": [1, 1, 1]
					}
				},
				"eye1": {
					"position": {
						"0.0": [0, 0, 0],
						"0.25": [0, 0, 0],
						"0.5": {"pre": [0, 0, 0], "post": [0, 0, 1]},
						"0.7083": {"pre": [0, 0, 1], "post": [0, 0, 0]},
						"1.0": [0, 0, 0],
						"1.25": [0, 0, 0],
						"1.5": [0, 0, 0],
						"1.75": [0, 0, 0]
					}
				},
				"eye2": {
					"position": {
						"0.0": [0, 0, 0],
						"0.25": [0, 0, 0],
						"0.5": {"pre": [0, 0, 0], "post": [0, 0, 1]},
						"0.7083": {"pre": [0, 0, 1], "post": [0, 0, 0]},
						"1.0": [0, 0, 0],
						"1.25": [0, 0, 0],
						"1.5": [0, 0, 0],
						"1.75": [0, 0, 0]
					}
				},
				"mounch_head1": {
					"position": {
						"0.0": [0, 0, 0],
						"0.4583": [0, 0, 0],
						"0.7083": {"pre": [0, 0, 0], "post": [0, -2, 0]},
						"1.0": [0, -2, 0],
						"1.25": [0, -2, 0],
						"1.5": [0, -2, 0],
						"1.75": {"pre": [0, -2, 0], "post": [0, 0, 0]}
					}
				},
				"mounch_head2": {
					"rotation": {
						"0.0": {
							"post": [0, 0, 0],
							"lerp_mode": "catmullrom"
						},
						"0.4583": {
							"post": [0, 0, 0],
							"lerp_mode": "catmullrom"
						},
						"0.7083": {
							"post": [12.5, 0, 0],
							"lerp_mode": "catmullrom"
						},
						"1.0": {
							"post": [12.5, 0, 0],
							"lerp_mode": "catmullrom"
						},
						"1.25": {
							"post": [12.5, 0, 0],
							"lerp_mode": "catmullrom"
						},
						"1.5": {
							"post": [12.5, 0, 0],
							"lerp_mode": "catmullrom"
						},
						"1.75": {
							"post": [0, 0, 0],
							"lerp_mode": "catmullrom"
						}
					},
					"position": {
						"0.0": {
							"post": [0, 0, 0],
							"lerp_mode": "catmullrom"
						},
						"0.4583": {
							"post": [0, 0, 0],
							"lerp_mode": "catmullrom"
						},
						"0.7083": {
							"post": [0, -21, 0],
							"lerp_mode": "catmullrom"
						},
						"1.0": {
							"post": [0, -21, 0],
							"lerp_mode": "catmullrom"
						},
						"1.25": {
							"post": [0, -21, 0],
							"lerp_mode": "catmullrom"
						},
						"1.5": {
							"post": [0, -21, 0],
							"lerp_mode": "catmullrom"
						},
						"1.75": {
							"post": [0, 0, 0],
							"lerp_mode": "catmullrom"
						}
					}
				}
			}
		},
		"animation.swalot.battle_cry": {
			"animation_length": 1.75,
			"bones": {
				"torso": {
					"rotation": {
						"0.0": {
							"post": [0, 0, 0],
							"lerp_mode": "catmullrom"
						},
						"0.25": {
							"post": [0, 0, 0],
							"lerp_mode": "catmullrom"
						},
						"0.5": {
							"post": [5, 0, 0],
							"lerp_mode": "catmullrom"
						},
						"0.7083": {
							"post": [0, 0, 0],
							"lerp_mode": "catmullrom"
						},
						"1.0": {
							"post": [0, 0, 0],
							"lerp_mode": "catmullrom"
						},
						"1.25": {
							"post": [0, 0, 0],
							"lerp_mode": "catmullrom"
						},
						"1.5": {
							"post": [0, 0, 0],
							"lerp_mode": "catmullrom"
						},
						"1.75": {
							"post": [0, 0, 0],
							"lerp_mode": "catmullrom"
						}
					}
				},
				"torso_head": {
					"rotation": {
						"0.0": {
							"post": [-5, 0, 0],
							"lerp_mode": "catmullrom"
						},
						"0.25": {
							"post": [-5, 0, 0],
							"lerp_mode": "catmullrom"
						},
						"0.5": {
							"post": [10, 0, 0],
							"lerp_mode": "catmullrom"
						},
						"0.7083": {
							"post": [-17.5, 0, 0],
							"lerp_mode": "catmullrom"
						},
						"1.0": {
							"post": [-17.5, 0, 0],
							"lerp_mode": "catmullrom"
						},
						"1.25": {
							"post": [-17.5, 0, 0],
							"lerp_mode": "catmullrom"
						},
						"1.5": {
							"post": [-17.5, 0, 0],
							"lerp_mode": "catmullrom"
						},
						"1.75": {
							"post": [-5, 0, 0],
							"lerp_mode": "catmullrom"
						}
					},
					"position": {
						"0.0": {
							"post": [0, -2, 0],
							"lerp_mode": "catmullrom"
						},
						"0.25": {
							"post": [0, -2, 0],
							"lerp_mode": "catmullrom"
						},
						"0.7083": {
							"post": [0, -2, 2],
							"lerp_mode": "catmullrom"
						},
						"1.0": {
							"post": [0, -2, 2],
							"lerp_mode": "catmullrom"
						},
						"1.25": {
							"post": [0, -2, 2],
							"lerp_mode": "catmullrom"
						},
						"1.5": {
							"post": [0, -2, 2],
							"lerp_mode": "catmullrom"
						},
						"1.75": {
							"post": [0, -2, 0],
							"lerp_mode": "catmullrom"
						}
					}
				},
				"head": {
					"rotation": {
						"0.0": {
							"post": [0, 0, 0],
							"lerp_mode": "catmullrom"
						},
						"0.25": {
							"post": [0, 0, 0],
							"lerp_mode": "catmullrom"
						},
						"0.5": {
							"post": [5, 0, 0],
							"lerp_mode": "catmullrom"
						},
						"0.7083": {
							"post": [-5, 0, 0],
							"lerp_mode": "catmullrom"
						},
						"1.0": {
							"post": [-5, 0, 0],
							"lerp_mode": "catmullrom"
						},
						"1.25": {
							"post": [-5, 0, 0],
							"lerp_mode": "catmullrom"
						},
						"1.5": {
							"post": [-5, 0, 0],
							"lerp_mode": "catmullrom"
						},
						"1.75": {
							"post": [0, 0, 0],
							"lerp_mode": "catmullrom"
						}
					}
				},
				"bigote1": {
					"rotation": {
						"0.0": [0, 17.5, -35],
						"0.25": [0, 17.5, -35],
						"0.5": [0, 17.5, -35],
						"0.7083": [0, "17.5+Math.cos(q.anim_time*90*24-360)*8", -35],
						"1.0": [0, "17.5+Math.cos(q.anim_time*90*24-360)*8", -35],
						"1.25": [0, "17.5+Math.cos(q.anim_time*90*24-360)*8", -35],
						"1.5": [0, "17.5+Math.cos(q.anim_time*90*24-360)*8", -35],
						"1.75": [0, 17.5, -35]
					},
					"position": {
						"0.0": [0, 0, -1],
						"0.25": [0, 0, -1],
						"0.5": [0, 0, -1],
						"1.75": [0, 0, -1]
					}
				},
				"bigote_part1": {
					"rotation": [0, 0, 40],
					"position": [0, 1, 0]
				},
				"bigote2": {
					"rotation": {
						"0.0": [0, -17.5, 35],
						"0.25": [0, -17.5, 35],
						"0.5": [0, -17.5, 35],
						"0.7083": [0, "-17.5+Math.cos(q.anim_time*90*24-360)*8", 35],
						"1.0": [0, "-17.5+Math.cos(q.anim_time*90*24-360)*8", 35],
						"1.25": [0, "-17.5+Math.cos(q.anim_time*90*24-360)*8", 35],
						"1.5": [0, "-17.5+Math.cos(q.anim_time*90*24-360)*8", 35],
						"1.75": [0, -17.5, 35]
					},
					"position": {
						"0.0": [0, 0, -1],
						"0.25": [0, 0, -1],
						"0.5": [0, 0, -1],
						"1.75": [0, 0, -1]
					}
				},
				"bigote_part2": {
					"rotation": {
						"0.0": [0, 0, -40],
						"0.25": [0, 0, -40],
						"1.75": [0, 0, -40]
					},
					"position": {
						"0.0": [0, 1, 0],
						"0.25": [0, 1, 0],
						"1.75": [0, 1, 0]
					}
				},
				"hand1": {
					"rotation": {
						"0.0": {
							"post": [9.06159, 23.399, 21.8802],
							"lerp_mode": "catmullrom"
						},
						"0.25": {
							"post": [9.06159, 23.399, 21.8802],
							"lerp_mode": "catmullrom"
						},
						"0.5": {
							"post": [13.84883, 52.85217, 29.37319],
							"lerp_mode": "catmullrom"
						},
						"0.7083": {
							"post": [8.76512, 18.45929, 21.05103],
							"lerp_mode": "catmullrom"
						},
						"1.0": {
							"post": [8.76512, 18.45929, 21.05103],
							"lerp_mode": "catmullrom"
						},
						"1.25": {
							"post": [8.76512, 18.45929, 21.05103],
							"lerp_mode": "catmullrom"
						},
						"1.5": {
							"post": [8.76512, 18.45929, 21.05103],
							"lerp_mode": "catmullrom"
						},
						"1.75": {
							"post": [9.06159, 23.399, 21.8802],
							"lerp_mode": "catmullrom"
						}
					},
					"position": {
						"0.0": {
							"post": [0, 3, -6],
							"lerp_mode": "catmullrom"
						},
						"0.25": {
							"post": [0, 3, -6],
							"lerp_mode": "catmullrom"
						},
						"0.5": {
							"post": [-1, 4, 2],
							"lerp_mode": "catmullrom"
						},
						"0.7083": {
							"post": [0, 3, -7],
							"lerp_mode": "catmullrom"
						},
						"1.0": {
							"post": [0, 3, -7],
							"lerp_mode": "catmullrom"
						},
						"1.25": {
							"post": [0, 3, -7],
							"lerp_mode": "catmullrom"
						},
						"1.5": {
							"post": [0, 3, -7],
							"lerp_mode": "catmullrom"
						},
						"1.75": {
							"post": [0, 3, -6],
							"lerp_mode": "catmullrom"
						}
					}
				},
				"hand2": {
					"rotation": {
						"0.0": {
							"post": [9.06159, -23.399, -21.8802],
							"lerp_mode": "catmullrom"
						},
						"0.25": {
							"post": [9.06159, -23.399, -21.8802],
							"lerp_mode": "catmullrom"
						},
						"0.5": {
							"post": [13.84883, -52.85217, -29.37319],
							"lerp_mode": "catmullrom"
						},
						"0.7083": {
							"post": [8.76512, -18.45929, -21.05103],
							"lerp_mode": "catmullrom"
						},
						"1.0": {
							"post": [8.76512, -18.45929, -21.05103],
							"lerp_mode": "catmullrom"
						},
						"1.25": {
							"post": [8.76512, -18.45929, -21.05103],
							"lerp_mode": "catmullrom"
						},
						"1.5": {
							"post": [8.76512, -18.45929, -21.05103],
							"lerp_mode": "catmullrom"
						},
						"1.75": {
							"post": [9.06159, -23.399, -21.8802],
							"lerp_mode": "catmullrom"
						}
					},
					"position": {
						"0.0": {
							"post": [0, 3, -6],
							"lerp_mode": "catmullrom"
						},
						"0.25": {
							"post": [0, 3, -6],
							"lerp_mode": "catmullrom"
						},
						"0.5": {
							"post": [1, 4, 2],
							"lerp_mode": "catmullrom"
						},
						"0.7083": {
							"post": [0, 3, -7],
							"lerp_mode": "catmullrom"
						},
						"1.0": {
							"post": [0, 3, -7],
							"lerp_mode": "catmullrom"
						},
						"1.25": {
							"post": [0, 3, -7],
							"lerp_mode": "catmullrom"
						},
						"1.5": {
							"post": [0, 3, -7],
							"lerp_mode": "catmullrom"
						},
						"1.75": {
							"post": [0, 3, -6],
							"lerp_mode": "catmullrom"
						}
					}
				},
				"body": {
					"rotation": {
						"0.0": {
							"post": [0, 0, 0],
							"lerp_mode": "catmullrom"
						},
						"0.25": {
							"post": [0, 0, 0],
							"lerp_mode": "catmullrom"
						},
						"0.5": {
							"post": [10, 0, 0],
							"lerp_mode": "catmullrom"
						},
						"0.75": [-2.5, "0+Math.sin(q.anim_time*90*24-180)*8", "0+Math.cos(q.anim_time*90*24-360)*4"],
						"1.0": [-2.5, "0+Math.sin(q.anim_time*90*24-180)*8", "0+Math.cos(q.anim_time*90*24-360)*4"],
						"1.125": [-2.5, "0+Math.sin(q.anim_time*90*24-180)*8", "0+Math.cos(q.anim_time*90*24-360)*4"],
						"1.2917": [-2.5, "0+Math.sin(q.anim_time*90*24-180)*8", "0+Math.cos(q.anim_time*90*24-360)*4"],
						"1.5417": [-2.5, "0+Math.sin(q.anim_time*90*24-180)*8", "0+Math.cos(q.anim_time*90*24-360)*4"],
						"1.75": {
							"pre": [0, 0, 0],
							"post": [0, 0, 0],
							"lerp_mode": "catmullrom"
						}
					},
					"scale": {
						"1.75": {
							"pre": [1, 1, 1],
							"post": [1, 1, 1],
							"lerp_mode": "catmullrom"
						}
					}
				},
				"leg1": {
					"rotation": {
						"0.0": {
							"post": [0, 0, 0],
							"lerp_mode": "catmullrom"
						},
						"0.25": {
							"post": [0, 0, 0],
							"lerp_mode": "catmullrom"
						},
						"0.5": {
							"post": [2.5, 0, 0],
							"lerp_mode": "catmullrom"
						},
						"0.7083": {
							"post": [-9.99265, 0.50633, 0.01716],
							"lerp_mode": "catmullrom"
						},
						"1.0": {
							"post": [-9.99265, 0.50633, 0.01716],
							"lerp_mode": "catmullrom"
						},
						"1.25": {
							"post": [-9.99265, 0.50633, 0.01716],
							"lerp_mode": "catmullrom"
						},
						"1.5": {
							"post": [-9.99265, 0.50633, 0.01716],
							"lerp_mode": "catmullrom"
						},
						"1.75": {
							"post": [0, 0, 0],
							"lerp_mode": "catmullrom"
						}
					},
					"position": {
						"0.0": [0, 0, 0],
						"0.25": [0, 0, 0],
						"0.5": [0, 0, 1],
						"1.75": [0, 0, 0]
					}
				},
				"mounch": {
					"scale": {
						"0.0": {
							"post": [1, 1, 1],
							"lerp_mode": "catmullrom"
						},
						"0.4583": {
							"post": [1, 1, 1],
							"lerp_mode": "catmullrom"
						},
						"0.7083": {
							"post": [1, 0, 1],
							"lerp_mode": "catmullrom"
						},
						"1.0": {
							"post": [1, 0, 1],
							"lerp_mode": "catmullrom"
						},
						"1.25": {
							"post": [1, 0, 1],
							"lerp_mode": "catmullrom"
						},
						"1.5": {
							"post": [1, 0, 1],
							"lerp_mode": "catmullrom"
						},
						"1.75": [1, 1, 1]
					}
				},
				"eye1": {
					"position": {
						"0.0": [0, 0, 0],
						"0.25": [0, 0, 0],
						"0.5": {"pre": [0, 0, 0], "post": [0, 0, 1]},
						"0.7083": {"pre": [0, 0, 1], "post": [0, 0, 0]},
						"1.0": [0, 0, 0],
						"1.25": [0, 0, 0],
						"1.5": [0, 0, 0],
						"1.75": [0, 0, 0]
					}
				},
				"eye2": {
					"position": {
						"0.0": [0, 0, 0],
						"0.25": [0, 0, 0],
						"0.5": {"pre": [0, 0, 0], "post": [0, 0, 1]},
						"0.7083": {"pre": [0, 0, 1], "post": [0, 0, 0]},
						"1.0": [0, 0, 0],
						"1.25": [0, 0, 0],
						"1.5": [0, 0, 0],
						"1.75": [0, 0, 0]
					}
				},
				"mounch_head1": {
					"position": {
						"0.0": [0, 0, 0],
						"0.4583": [0, 0, 0],
						"0.7083": {"pre": [0, 0, 0], "post": [0, -2, 0]},
						"1.0": [0, -2, 0],
						"1.25": [0, -2, 0],
						"1.5": [0, -2, 0],
						"1.75": {"pre": [0, -2, 0], "post": [0, 0, 0]}
					}
				},
				"mounch_head2": {
					"rotation": {
						"0.0": {
							"post": [0, 0, 0],
							"lerp_mode": "catmullrom"
						},
						"0.4583": {
							"post": [0, 0, 0],
							"lerp_mode": "catmullrom"
						},
						"0.7083": {
							"post": [12.5, 0, 0],
							"lerp_mode": "catmullrom"
						},
						"1.0": {
							"post": [12.5, 0, 0],
							"lerp_mode": "catmullrom"
						},
						"1.25": {
							"post": [12.5, 0, 0],
							"lerp_mode": "catmullrom"
						},
						"1.5": {
							"post": [12.5, 0, 0],
							"lerp_mode": "catmullrom"
						},
						"1.75": {
							"post": [0, 0, 0],
							"lerp_mode": "catmullrom"
						}
					},
					"position": {
						"0.0": {
							"post": [0, 0, 0],
							"lerp_mode": "catmullrom"
						},
						"0.4583": {
							"post": [0, 0, 0],
							"lerp_mode": "catmullrom"
						},
						"0.7083": {
							"post": [0, -21, 0],
							"lerp_mode": "catmullrom"
						},
						"1.0": {
							"post": [0, -21, 0],
							"lerp_mode": "catmullrom"
						},
						"1.25": {
							"post": [0, -21, 0],
							"lerp_mode": "catmullrom"
						},
						"1.5": {
							"post": [0, -21, 0],
							"lerp_mode": "catmullrom"
						},
						"1.75": {
							"post": [0, 0, 0],
							"lerp_mode": "catmullrom"
						}
					}
				}
			},
			"sound_effects": {
				"0.7083": {
					"effect": "pokemon.swalot.cry"
				}
			}
		},
		"animation.swalot.special": {
			"animation_length": 1.75,
			"bones": {
				"torso": {
					"rotation": {
						"0.0": {
							"post": [0, 0, 0],
							"lerp_mode": "catmullrom"
						},
						"0.25": {
							"post": [0, 0, 0],
							"lerp_mode": "catmullrom"
						},
						"0.5": {
							"post": [5, 0, 0],
							"lerp_mode": "catmullrom"
						},
						"0.7083": {
							"post": [0, 0, 0],
							"lerp_mode": "catmullrom"
						},
						"1.0": {
							"post": [0, 0, 0],
							"lerp_mode": "catmullrom"
						},
						"1.25": {
							"post": [0, 0, 0],
							"lerp_mode": "catmullrom"
						},
						"1.5": {
							"post": [0, 0, 0],
							"lerp_mode": "catmullrom"
						},
						"1.75": {
							"post": [0, 0, 0],
							"lerp_mode": "catmullrom"
						}
					}
				},
				"torso_head": {
					"rotation": {
						"0.0": {
							"post": [-5, 0, 0],
							"lerp_mode": "catmullrom"
						},
						"0.25": {
							"post": [-5, 0, 0],
							"lerp_mode": "catmullrom"
						},
						"0.5": {
							"post": [10, 0, 0],
							"lerp_mode": "catmullrom"
						},
						"0.7083": {
							"post": [-17.5, 0, 0],
							"lerp_mode": "catmullrom"
						},
						"1.0": {
							"post": [-17.5, 0, 0],
							"lerp_mode": "catmullrom"
						},
						"1.25": {
							"post": [-17.5, 0, 0],
							"lerp_mode": "catmullrom"
						},
						"1.5": {
							"post": [-17.5, 0, 0],
							"lerp_mode": "catmullrom"
						},
						"1.75": {
							"post": [-5, 0, 0],
							"lerp_mode": "catmullrom"
						}
					},
					"position": {
						"0.0": {
							"post": [0, -2, 0],
							"lerp_mode": "catmullrom"
						},
						"0.25": {
							"post": [0, -2, 0],
							"lerp_mode": "catmullrom"
						},
						"0.7083": {
							"post": [0, -2, 2],
							"lerp_mode": "catmullrom"
						},
						"1.0": {
							"post": [0, -2, 2],
							"lerp_mode": "catmullrom"
						},
						"1.25": {
							"post": [0, -2, 2],
							"lerp_mode": "catmullrom"
						},
						"1.5": {
							"post": [0, -2, 2],
							"lerp_mode": "catmullrom"
						},
						"1.75": {
							"post": [0, -2, 0],
							"lerp_mode": "catmullrom"
						}
					}
				},
				"head": {
					"rotation": {
						"0.0": {
							"post": [0, 0, 0],
							"lerp_mode": "catmullrom"
						},
						"0.25": {
							"post": [0, 0, 0],
							"lerp_mode": "catmullrom"
						},
						"0.5": {
							"post": [5, 0, 0],
							"lerp_mode": "catmullrom"
						},
						"0.7083": {
							"post": [-5, 0, 0],
							"lerp_mode": "catmullrom"
						},
						"1.0": {
							"post": [-5, 0, 0],
							"lerp_mode": "catmullrom"
						},
						"1.25": {
							"post": [-5, 0, 0],
							"lerp_mode": "catmullrom"
						},
						"1.5": {
							"post": [-5, 0, 0],
							"lerp_mode": "catmullrom"
						},
						"1.75": {
							"post": [0, 0, 0],
							"lerp_mode": "catmullrom"
						}
					}
				},
				"bigote1": {
					"rotation": {
						"0.0": [0, 17.5, -35],
						"0.25": [0, 17.5, -35],
						"0.5": [0, 17.5, -35],
						"0.7083": [0, "17.5+Math.cos(q.anim_time*90*24-360)*8", -35],
						"1.0": [0, "17.5+Math.cos(q.anim_time*90*24-360)*8", -35],
						"1.25": [0, "17.5+Math.cos(q.anim_time*90*24-360)*8", -35],
						"1.5": [0, "17.5+Math.cos(q.anim_time*90*24-360)*8", -35],
						"1.75": [0, 17.5, -35]
					},
					"position": {
						"0.0": [0, 0, -1],
						"0.25": [0, 0, -1],
						"0.5": [0, 0, -1],
						"1.75": [0, 0, -1]
					}
				},
				"bigote_part1": {
					"rotation": [0, 0, 40],
					"position": [0, 1, 0]
				},
				"bigote2": {
					"rotation": {
						"0.0": [0, -17.5, 35],
						"0.25": [0, -17.5, 35],
						"0.5": [0, -17.5, 35],
						"0.7083": [0, "-17.5+Math.cos(q.anim_time*90*24-360)*8", 35],
						"1.0": [0, "-17.5+Math.cos(q.anim_time*90*24-360)*8", 35],
						"1.25": [0, "-17.5+Math.cos(q.anim_time*90*24-360)*8", 35],
						"1.5": [0, "-17.5+Math.cos(q.anim_time*90*24-360)*8", 35],
						"1.75": [0, -17.5, 35]
					},
					"position": {
						"0.0": [0, 0, -1],
						"0.25": [0, 0, -1],
						"0.5": [0, 0, -1],
						"1.75": [0, 0, -1]
					}
				},
				"bigote_part2": {
					"rotation": {
						"0.0": [0, 0, -40],
						"0.25": [0, 0, -40],
						"1.75": [0, 0, -40]
					},
					"position": {
						"0.0": [0, 1, 0],
						"0.25": [0, 1, 0],
						"1.75": [0, 1, 0]
					}
				},
				"hand1": {
					"rotation": {
						"0.0": {
							"post": [9.06159, 23.399, 21.8802],
							"lerp_mode": "catmullrom"
						},
						"0.25": {
							"post": [9.06159, 23.399, 21.8802],
							"lerp_mode": "catmullrom"
						},
						"0.5": {
							"post": [13.84883, 52.85217, 29.37319],
							"lerp_mode": "catmullrom"
						},
						"0.7083": {
							"post": [8.76512, 18.45929, 21.05103],
							"lerp_mode": "catmullrom"
						},
						"1.0": {
							"post": [8.76512, 18.45929, 21.05103],
							"lerp_mode": "catmullrom"
						},
						"1.25": {
							"post": [8.76512, 18.45929, 21.05103],
							"lerp_mode": "catmullrom"
						},
						"1.5": {
							"post": [8.76512, 18.45929, 21.05103],
							"lerp_mode": "catmullrom"
						},
						"1.75": {
							"post": [9.06159, 23.399, 21.8802],
							"lerp_mode": "catmullrom"
						}
					},
					"position": {
						"0.0": {
							"post": [0, 3, -6],
							"lerp_mode": "catmullrom"
						},
						"0.25": {
							"post": [0, 3, -6],
							"lerp_mode": "catmullrom"
						},
						"0.5": {
							"post": [-1, 4, 2],
							"lerp_mode": "catmullrom"
						},
						"0.7083": {
							"post": [0, 3, -7],
							"lerp_mode": "catmullrom"
						},
						"1.0": {
							"post": [0, 3, -7],
							"lerp_mode": "catmullrom"
						},
						"1.25": {
							"post": [0, 3, -7],
							"lerp_mode": "catmullrom"
						},
						"1.5": {
							"post": [0, 3, -7],
							"lerp_mode": "catmullrom"
						},
						"1.75": {
							"post": [0, 3, -6],
							"lerp_mode": "catmullrom"
						}
					}
				},
				"hand2": {
					"rotation": {
						"0.0": {
							"post": [9.06159, -23.399, -21.8802],
							"lerp_mode": "catmullrom"
						},
						"0.25": {
							"post": [9.06159, -23.399, -21.8802],
							"lerp_mode": "catmullrom"
						},
						"0.5": {
							"post": [13.84883, -52.85217, -29.37319],
							"lerp_mode": "catmullrom"
						},
						"0.7083": {
							"post": [8.76512, -18.45929, -21.05103],
							"lerp_mode": "catmullrom"
						},
						"1.0": {
							"post": [8.76512, -18.45929, -21.05103],
							"lerp_mode": "catmullrom"
						},
						"1.25": {
							"post": [8.76512, -18.45929, -21.05103],
							"lerp_mode": "catmullrom"
						},
						"1.5": {
							"post": [8.76512, -18.45929, -21.05103],
							"lerp_mode": "catmullrom"
						},
						"1.75": {
							"post": [9.06159, -23.399, -21.8802],
							"lerp_mode": "catmullrom"
						}
					},
					"position": {
						"0.0": {
							"post": [0, 3, -6],
							"lerp_mode": "catmullrom"
						},
						"0.25": {
							"post": [0, 3, -6],
							"lerp_mode": "catmullrom"
						},
						"0.5": {
							"post": [1, 4, 2],
							"lerp_mode": "catmullrom"
						},
						"0.7083": {
							"post": [0, 3, -7],
							"lerp_mode": "catmullrom"
						},
						"1.0": {
							"post": [0, 3, -7],
							"lerp_mode": "catmullrom"
						},
						"1.25": {
							"post": [0, 3, -7],
							"lerp_mode": "catmullrom"
						},
						"1.5": {
							"post": [0, 3, -7],
							"lerp_mode": "catmullrom"
						},
						"1.75": {
							"post": [0, 3, -6],
							"lerp_mode": "catmullrom"
						}
					}
				},
				"body": {
					"rotation": {
						"0.0": {
							"post": [0, 0, 0],
							"lerp_mode": "catmullrom"
						},
						"0.25": {
							"post": [0, 0, 0],
							"lerp_mode": "catmullrom"
						},
						"0.5": {
							"post": [10, 0, 0],
							"lerp_mode": "catmullrom"
						},
						"0.75": [-2.5, "0+Math.sin(q.anim_time*90*24-180)*8", "0+Math.cos(q.anim_time*90*24-360)*4"],
						"1.0": [-2.5, "0+Math.sin(q.anim_time*90*24-180)*8", "0+Math.cos(q.anim_time*90*24-360)*4"],
						"1.125": [-2.5, "0+Math.sin(q.anim_time*90*24-180)*8", "0+Math.cos(q.anim_time*90*24-360)*4"],
						"1.2917": [-2.5, "0+Math.sin(q.anim_time*90*24-180)*8", "0+Math.cos(q.anim_time*90*24-360)*4"],
						"1.5417": [-2.5, "0+Math.sin(q.anim_time*90*24-180)*8", "0+Math.cos(q.anim_time*90*24-360)*4"],
						"1.75": {
							"pre": [0, 0, 0],
							"post": [0, 0, 0],
							"lerp_mode": "catmullrom"
						}
					},
					"scale": {
						"1.75": {
							"pre": [1, 1, 1],
							"post": [1, 1, 1],
							"lerp_mode": "catmullrom"
						}
					}
				},
				"leg1": {
					"rotation": {
						"0.0": {
							"post": [0, 0, 0],
							"lerp_mode": "catmullrom"
						},
						"0.25": {
							"post": [0, 0, 0],
							"lerp_mode": "catmullrom"
						},
						"0.5": {
							"post": [2.5, 0, 0],
							"lerp_mode": "catmullrom"
						},
						"0.7083": {
							"post": [-9.99265, 0.50633, 0.01716],
							"lerp_mode": "catmullrom"
						},
						"1.0": {
							"post": [-9.99265, 0.50633, 0.01716],
							"lerp_mode": "catmullrom"
						},
						"1.25": {
							"post": [-9.99265, 0.50633, 0.01716],
							"lerp_mode": "catmullrom"
						},
						"1.5": {
							"post": [-9.99265, 0.50633, 0.01716],
							"lerp_mode": "catmullrom"
						},
						"1.75": {
							"post": [0, 0, 0],
							"lerp_mode": "catmullrom"
						}
					},
					"position": {
						"0.0": [0, 0, 0],
						"0.25": [0, 0, 0],
						"0.5": [0, 0, 1],
						"1.75": [0, 0, 0]
					}
				},
				"mounch": {
					"scale": {
						"0.0": {
							"post": [1, 1, 1],
							"lerp_mode": "catmullrom"
						},
						"0.4583": {
							"post": [1, 1, 1],
							"lerp_mode": "catmullrom"
						},
						"0.7083": {
							"post": [1, 0, 1],
							"lerp_mode": "catmullrom"
						},
						"1.0": {
							"post": [1, 0, 1],
							"lerp_mode": "catmullrom"
						},
						"1.25": {
							"post": [1, 0, 1],
							"lerp_mode": "catmullrom"
						},
						"1.5": {
							"post": [1, 0, 1],
							"lerp_mode": "catmullrom"
						},
						"1.75": [1, 1, 1]
					}
				},
				"eye1": {
					"position": {
						"0.0": [0, 0, 0],
						"0.25": [0, 0, 0],
						"0.5": {"pre": [0, 0, 0], "post": [0, 0, 1]},
						"0.7083": {"pre": [0, 0, 1], "post": [0, 0, 0]},
						"1.0": [0, 0, 0],
						"1.25": [0, 0, 0],
						"1.5": [0, 0, 0],
						"1.75": [0, 0, 0]
					}
				},
				"eye2": {
					"position": {
						"0.0": [0, 0, 0],
						"0.25": [0, 0, 0],
						"0.5": {"pre": [0, 0, 0], "post": [0, 0, 1]},
						"0.7083": {"pre": [0, 0, 1], "post": [0, 0, 0]},
						"1.0": [0, 0, 0],
						"1.25": [0, 0, 0],
						"1.5": [0, 0, 0],
						"1.75": [0, 0, 0]
					}
				},
				"mounch_head1": {
					"position": {
						"0.0": [0, 0, 0],
						"0.4583": [0, 0, 0],
						"0.7083": {"pre": [0, 0, 0], "post": [0, -2, 0]},
						"1.0": [0, -2, 0],
						"1.25": [0, -2, 0],
						"1.5": [0, -2, 0],
						"1.75": {"pre": [0, -2, 0], "post": [0, 0, 0]}
					}
				},
				"mounch_head2": {
					"rotation": {
						"0.0": {
							"post": [0, 0, 0],
							"lerp_mode": "catmullrom"
						},
						"0.4583": {
							"post": [0, 0, 0],
							"lerp_mode": "catmullrom"
						},
						"0.7083": {
							"post": [12.5, 0, 0],
							"lerp_mode": "catmullrom"
						},
						"1.0": {
							"post": [12.5, 0, 0],
							"lerp_mode": "catmullrom"
						},
						"1.25": {
							"post": [12.5, 0, 0],
							"lerp_mode": "catmullrom"
						},
						"1.5": {
							"post": [12.5, 0, 0],
							"lerp_mode": "catmullrom"
						},
						"1.75": {
							"post": [0, 0, 0],
							"lerp_mode": "catmullrom"
						}
					},
					"position": {
						"0.0": {
							"post": [0, 0, 0],
							"lerp_mode": "catmullrom"
						},
						"0.4583": {
							"post": [0, 0, 0],
							"lerp_mode": "catmullrom"
						},
						"0.7083": {
							"post": [0, -21, 0],
							"lerp_mode": "catmullrom"
						},
						"1.0": {
							"post": [0, -21, 0],
							"lerp_mode": "catmullrom"
						},
						"1.25": {
							"post": [0, -21, 0],
							"lerp_mode": "catmullrom"
						},
						"1.5": {
							"post": [0, -21, 0],
							"lerp_mode": "catmullrom"
						},
						"1.75": {
							"post": [0, 0, 0],
							"lerp_mode": "catmullrom"
						}
					}
				}
			}
		},
		"animation.swalot.physical": {
			"animation_length": 3,
			"bones": {
				"torso": {
					"rotation": {
						"0.0": {
							"post": [0, 0, 0],
							"lerp_mode": "catmullrom"
						},
						"0.1667": {
							"post": [0, 0, 0],
							"lerp_mode": "catmullrom"
						},
						"0.2917": {
							"post": [-2.5, 0, 0],
							"lerp_mode": "catmullrom"
						},
						"1.1667": {
							"post": [-12.5, 0, 0],
							"lerp_mode": "catmullrom"
						},
						"1.25": {
							"post": [37.5, 0, 0],
							"lerp_mode": "catmullrom"
						},
						"1.9167": {
							"post": [34.5, 0, 0],
							"lerp_mode": "catmullrom"
						},
						"2.2917": {
							"post": [22.5, 0, 0],
							"lerp_mode": "catmullrom"
						},
						"3.0": {
							"post": [0, 0, 0],
							"lerp_mode": "catmullrom"
						}
					}
				},
				"torso_head": {
					"rotation": {
						"0.0": {
							"post": [-5, 0, 0],
							"lerp_mode": "catmullrom"
						},
						"0.1667": {
							"post": [-5, 0, 0],
							"lerp_mode": "catmullrom"
						},
						"1.0833": {
							"post": [-15, 0, 0],
							"lerp_mode": "catmullrom"
						},
						"1.2083": {
							"post": [-1.93, 0, 0],
							"lerp_mode": "catmullrom"
						},
						"1.25": {
							"post": [-7.5, 0, 0],
							"lerp_mode": "catmullrom"
						},
						"1.7917": {
							"post": [-14.74, 0, 0],
							"lerp_mode": "catmullrom"
						},
						"3.0": {
							"post": [-5, 0, 0],
							"lerp_mode": "catmullrom"
						}
					},
					"position": {
						"0.0": {
							"post": [0, -2, 0],
							"lerp_mode": "catmullrom"
						},
						"0.1667": {
							"post": [0, -2, 0],
							"lerp_mode": "catmullrom"
						},
						"1.0833": {
							"post": [0, -3, 1],
							"lerp_mode": "catmullrom"
						},
						"1.25": {
							"post": [0, -3, 1],
							"lerp_mode": "catmullrom"
						},
						"1.7917": {
							"post": [0, -2.73, 1.73],
							"lerp_mode": "catmullrom"
						},
						"3.0": {
							"post": [0, -2, 0],
							"lerp_mode": "catmullrom"
						}
					}
				},
				"head": {
					"rotation": {
						"0.0": {
							"post": [0, 0, 0],
							"lerp_mode": "catmullrom"
						},
						"0.1667": {
							"post": [0, 0, 0],
							"lerp_mode": "catmullrom"
						},
						"0.6667": {
							"post": [5, 0, 0],
							"lerp_mode": "catmullrom"
						},
						"1.0833": {
							"post": [-7.5, 0, 0],
							"lerp_mode": "catmullrom"
						},
						"1.25": [2.5, 0, 0],
						"1.375": {
							"pre": [7.7, 0, 0],
							"post": [7.7, 0, 0],
							"lerp_mode": "catmullrom"
						},
						"1.4583": {
							"post": [5.09, 0, 0],
							"lerp_mode": "catmullrom"
						},
						"1.5833": {
							"post": [-0.25, 0, 0],
							"lerp_mode": "catmullrom"
						},
						"1.7917": {
							"post": [-2.67, 0, 0],
							"lerp_mode": "catmullrom"
						},
						"2.5": {
							"post": [2, 0, 0],
							"lerp_mode": "catmullrom"
						},
						"3.0": {
							"post": [0, 0, 0],
							"lerp_mode": "catmullrom"
						}
					}
				},
				"bigote1": {
					"rotation": {
						"0.0": {
							"post": [0, 17.5, -35],
							"lerp_mode": "catmullrom"
						},
						"0.1667": {
							"post": [0, 17.5, -35],
							"lerp_mode": "catmullrom"
						},
						"3.0": {
							"post": [0, 17.5, -35],
							"lerp_mode": "catmullrom"
						}
					},
					"position": {
						"0.0": {
							"post": [0, 0, -1],
							"lerp_mode": "catmullrom"
						},
						"0.1667": {
							"post": [0, 0, -1],
							"lerp_mode": "catmullrom"
						},
						"3.0": {
							"post": [0, 0, -1],
							"lerp_mode": "catmullrom"
						}
					}
				},
				"bigote_part1": {
					"rotation": [0, 0, 40],
					"position": [0, 1, 0]
				},
				"bigote2": {
					"rotation": {
						"0.0": {
							"post": [0, -17.5, 35],
							"lerp_mode": "catmullrom"
						},
						"0.1667": {
							"post": [0, -17.5, 35],
							"lerp_mode": "catmullrom"
						},
						"3.0": {
							"post": [0, -17.5, 35],
							"lerp_mode": "catmullrom"
						}
					},
					"position": {
						"0.0": {
							"post": [0, 0, -1],
							"lerp_mode": "catmullrom"
						},
						"0.1667": {
							"post": [0, 0, -1],
							"lerp_mode": "catmullrom"
						},
						"3.0": {
							"post": [0, 0, -1],
							"lerp_mode": "catmullrom"
						}
					}
				},
				"bigote_part2": {
					"rotation": [0, 0, -40],
					"position": [0, 1, 0]
				},
				"hand1": {
					"rotation": {
						"0.0": {
							"post": [9.06159, 23.399, 21.8802],
							"lerp_mode": "catmullrom"
						},
						"0.1667": {
							"post": [9.06159, 23.399, 21.8802],
							"lerp_mode": "catmullrom"
						},
						"0.625": {
							"post": [9.06159, 23.399, 21.8802],
							"lerp_mode": "catmullrom"
						},
						"1.1667": {
							"post": [19.87232, 64.83525, 36.37124],
							"lerp_mode": "catmullrom"
						},
						"1.25": {
							"post": [8.65538, -16.16131, 15.82988],
							"lerp_mode": "catmullrom"
						},
						"1.75": {
							"post": [7.40767, -7.61293, 16.22885],
							"lerp_mode": "catmullrom"
						},
						"2.125": {
							"post": [8.31835, -11.34078, 16.1312],
							"lerp_mode": "catmullrom"
						},
						"3.0": {
							"post": [9.06159, 23.399, 21.8802],
							"lerp_mode": "catmullrom"
						}
					},
					"position": {
						"0.0": {
							"post": [0, 3, -6],
							"lerp_mode": "catmullrom"
						},
						"0.1667": {
							"post": [0, 3, -6],
							"lerp_mode": "catmullrom"
						},
						"0.625": {
							"post": [0, 3, -6],
							"lerp_mode": "catmullrom"
						},
						"1.1667": {
							"post": [0, 5, 5],
							"lerp_mode": "catmullrom"
						},
						"1.25": {
							"post": [5, 0, -16],
							"lerp_mode": "catmullrom"
						},
						"1.75": {
							"post": [2.83, 2.31, -13.37],
							"lerp_mode": "catmullrom"
						},
						"2.125": {
							"post": [3.81, 1.19, -12.31],
							"lerp_mode": "catmullrom"
						},
						"3.0": {
							"post": [0, 3, -6],
							"lerp_mode": "catmullrom"
						}
					}
				},
				"hand2": {
					"rotation": {
						"0.0": {
							"post": [9.06159, -23.399, -21.8802],
							"lerp_mode": "catmullrom"
						},
						"0.1667": {
							"post": [9.06159, -23.399, -21.8802],
							"lerp_mode": "catmullrom"
						},
						"0.625": {
							"post": [9.06159, -23.399, -21.8802],
							"lerp_mode": "catmullrom"
						},
						"1.1667": {
							"post": [19.87232, -64.83525, -36.37124],
							"lerp_mode": "catmullrom"
						},
						"1.25": {
							"post": [8.65538, 16.16131, -15.82988],
							"lerp_mode": "catmullrom"
						},
						"1.75": {
							"post": [7.40767, 7.61293, -16.22885],
							"lerp_mode": "catmullrom"
						},
						"2.125": {
							"post": [8.31835, 11.34078, -16.1312],
							"lerp_mode": "catmullrom"
						},
						"3.0": {
							"post": [9.06159, -23.399, -21.8802],
							"lerp_mode": "catmullrom"
						}
					},
					"position": {
						"0.0": {
							"post": [0, 3, -6],
							"lerp_mode": "catmullrom"
						},
						"0.1667": {
							"post": [0, 3, -6],
							"lerp_mode": "catmullrom"
						},
						"0.625": {
							"post": [0, 3, -6],
							"lerp_mode": "catmullrom"
						},
						"1.1667": {
							"post": [0, 5, 5],
							"lerp_mode": "catmullrom"
						},
						"1.25": {
							"post": [-5, 0, -16],
							"lerp_mode": "catmullrom"
						},
						"1.75": {
							"post": [-2.83, 2.31, -13.37],
							"lerp_mode": "catmullrom"
						},
						"2.125": {
							"post": [-3.81, 1.19, -12.31],
							"lerp_mode": "catmullrom"
						},
						"3.0": {
							"post": [0, 3, -6],
							"lerp_mode": "catmullrom"
						}
					}
				},
				"body": {
					"rotation": {
						"0.0": {
							"post": [0, 0, 0],
							"lerp_mode": "catmullrom"
						},
						"0.1667": {
							"post": [0, 0, 0],
							"lerp_mode": "catmullrom"
						},
						"0.4167": {
							"post": [0, 0, 0],
							"lerp_mode": "catmullrom"
						},
						"0.8333": {
							"post": [3.94145, 1.2502, -0.2297],
							"lerp_mode": "catmullrom"
						},
						"1.0833": {
							"post": [-7.5, 0, 0],
							"lerp_mode": "catmullrom"
						},
						"1.2083": {
							"post": [-25.91533, -17.06928, 3.13613],
							"lerp_mode": "catmullrom"
						},
						"1.25": [-8.82232, -20.52872, -1.6317],
						"3.0": {
							"pre": [0, 0, 0],
							"post": [0, 0, 0],
							"lerp_mode": "catmullrom"
						}
					},
					"position": {
						"0.0": {
							"post": [0, 0, 0],
							"lerp_mode": "catmullrom"
						},
						"0.1667": {
							"post": [0, 0, 0],
							"lerp_mode": "catmullrom"
						},
						"0.4167": {
							"post": [0, 0, 0],
							"lerp_mode": "catmullrom"
						},
						"1.1667": {
							"post": [0, 8, 0],
							"lerp_mode": "catmullrom"
						},
						"1.25": {
							"post": [0, 1.96, 0],
							"lerp_mode": "catmullrom"
						},
						"3.0": {
							"post": [0, 0, 0],
							"lerp_mode": "catmullrom"
						}
					},
					"scale": {
						"0.0": {
							"post": [1, 1, 1],
							"lerp_mode": "catmullrom"
						},
						"0.1667": {
							"post": [1, 1, 1],
							"lerp_mode": "catmullrom"
						},
						"0.4167": {
							"post": [1, 1, 1],
							"lerp_mode": "catmullrom"
						},
						"3.0": {
							"post": [1, 1, 1],
							"lerp_mode": "catmullrom"
						}
					}
				},
				"leg1": {
					"rotation": {
						"0.0": {
							"post": [0, 0, 0],
							"lerp_mode": "catmullrom"
						},
						"0.1667": {
							"post": [0, 0, 0],
							"lerp_mode": "catmullrom"
						},
						"0.4167": {
							"post": [1.06705, -0.05044, -0.18849],
							"lerp_mode": "catmullrom"
						},
						"0.625": {
							"post": [-8.62028, -0.08079, -0.3019],
							"lerp_mode": "catmullrom"
						},
						"1.0833": {
							"post": [-26.43, 0, 0],
							"lerp_mode": "catmullrom"
						},
						"1.1667": {
							"post": [-14.94548, 1.29256, 4.83045],
							"lerp_mode": "catmullrom"
						},
						"1.2083": {
							"post": [3.71379, 0.72707, 2.71713],
							"lerp_mode": "catmullrom"
						},
						"1.25": [30, 0, 0],
						"2.2917": {
							"pre": [17.5, 0, 0],
							"post": [17.5, 0, 0],
							"lerp_mode": "catmullrom"
						},
						"3.0": {
							"post": [0, 0, 0],
							"lerp_mode": "catmullrom"
						}
					}
				},
				"eye1": {
					"position": {
						"0.0": [0, 0, 0],
						"0.1667": [0, 0, 0],
						"1.25": [0, 0, 1],
						"1.7917": [0, 0, 0]
					}
				},
				"eye2": {
					"position": {
						"0.0": [0, 0, 0],
						"0.1667": [0, 0, 0],
						"1.25": [0, 0, 1],
						"1.7917": [0, 0, 0]
					}
				}
			}
		},
		"animation.swalot.blink": {
			"animation_length": 0.25,
			"bones": {
				"eyes": {
					"position": {
						"0.0": [0, 0, 1],
						"0.25": {"pre": [0, 0, 1], "post": [0, 0, 0]}
					}
				}
			}
		},
		"animation.swalot.ground_walk": {
			"loop": true,
			"animation_length": 1,
			"bones": {
				"body": {
					"rotation": {
						"0.0": {
							"post": [0, 0, 0],
							"lerp_mode": "catmullrom"
						},
						"0.375": {
							"post": [-3.83, 0, 0],
							"lerp_mode": "catmullrom"
						},
						"0.5": {
							"post": [-7.5, 0, 0],
							"lerp_mode": "catmullrom"
						},
						"0.625": {
							"post": [-11.14, 0, 0],
							"lerp_mode": "catmullrom"
						},
						"1.0": {
							"post": [0, 0, 0],
							"lerp_mode": "catmullrom"
						}
					},
					"position": [0, "0-math.sin(q.anim_time*90*4+90)*1", "0-math.sin(q.anim_time*90*4)*2"],
					"scale": [1, "1-math.cos(q.anim_time*90*4-90)*0.05", 1]
				},
				"leg1": {
					"rotation": {
						"0.0": {
							"post": [0, 0, 0],
							"lerp_mode": "catmullrom"
						},
						"0.5": {
							"post": [7.5, 0, 0],
							"lerp_mode": "catmullrom"
						},
						"1.0": {
							"post": [0, 0, 0],
							"lerp_mode": "catmullrom"
						}
					}
				},
				"torso": {
					"rotation": ["5+math.sin(q.anim_time*90*4+90)*2", 0, 0],
					"position": [0, -1, 1]
				},
				"head": {
					"rotation": ["0+math.sin(q.anim_time*90*4)*4", 0, 0]
				},
				"bigote1": {
					"rotation": [0, 10, -20]
				},
				"bigote_part1": {
					"rotation": [0, 0, 37.5],
					"position": [0, 1, 0]
				},
				"bigote2": {
					"rotation": [0, -10, 20]
				},
				"bigote_part2": {
					"rotation": [0, 0, -37.5],
					"position": [0, 1, 0]
				},
				"hand1": {
					"rotation": [11.80164, "43.4609-math.sin(query.anim_time*90*4+90)*2", "20.5583-math.cos(q.anim_time*90*2+90)*1"],
					"position": [-2, 4, 0]
				},
				"hand2": {
					"rotation": [11.80164, "-43.4609+math.sin(query.anim_time*90*4+90)*2", "-20.5583+math.cos(q.anim_time*90*2+90)*1"],
					"position": [2, 4, 0]
				}
			}
		},
		"animation.swalot.ground_walk_test": {
			"loop": true,
			"animation_length": 1,
			"bones": {
				"body": {
					"rotation": {
						"0.0": {
							"post": [0, 0, 0],
							"lerp_mode": "catmullrom"
						},
						"0.375": {
							"post": [-3.83, 0, 0],
							"lerp_mode": "catmullrom"
						},
						"0.5": {
							"post": [-7.5, 0, 0],
							"lerp_mode": "catmullrom"
						},
						"0.625": {
							"post": [-11.14, 0, 0],
							"lerp_mode": "catmullrom"
						},
						"1.0": {
							"post": [0, 0, 0],
							"lerp_mode": "catmullrom"
						}
					},
					"position": [0, "0-math.sin(q.anim_time*90*4+90)*1", "21-math.sin(q.anim_time*90*4)*2"]
				},
				"leg1": {
					"rotation": {
						"0.0": [0, 0, 0],
						"0.5": [7.5, 0, 0],
						"1.0": [0, 0, 0]
					}
				},
				"torso": {
					"rotation": ["5+math.sin(q.anim_time*90*4+90)*2", 0, 0],
					"position": [0, -1, 1]
				},
				"head": {
					"rotation": ["0+math.sin(q.anim_time*90*4)*4", 0, 0]
				},
				"bigote1": {
					"rotation": [0, 10, -20]
				},
				"bigote_part1": {
					"rotation": [0, 0, 37.5],
					"position": [0, 1, 0]
				},
				"bigote2": {
					"rotation": [0, -10, 20]
				},
				"bigote_part2": {
					"rotation": [0, 0, -37.5],
					"position": [0, 1, 0]
				},
				"hand1": {
					"rotation": [11.80164, "43.4609-math.sin(query.anim_time*90*4+90)*2", "20.5583-math.cos(q.anim_time*90*2+90)*1"],
					"position": [-2, 4, 0]
				},
				"hand2": {
					"rotation": [11.80164, "-43.4609+math.sin(query.anim_time*90*4+90)*2", "-20.5583+math.cos(q.anim_time*90*2+90)*1"],
					"position": [2, 4, 0]
				},
				"swalot": {
					"position": [0, 0, "0-q.anim_time*90*0.6"]
				}
			}
		},
		"animation.swalot.sleep": {
			"loop": true,
			"bones": {
				"torso_head": {
					"rotation": ["7.5+math.sin(q.anim_time*90*2+90)*2", 0, "0+math.cos(q.anim_time*90*2+90)*2"],
					"position": [0, -2, 0]
				},
				"head": {
					"rotation": [2.5, 0, 0],
					"position": [0, 0, 0]
				},
				"eyes": {
					"position": [0, 0, 1]
				},
				"bigotes": {
					"position": [0, 0, 0]
				},
				"bigote1": {
					"rotation": [0, 17.5, -32.5]
				},
				"bigote_part1": {
					"rotation": [0, 0, 35],
					"position": [0, 1, 0]
				},
				"bigote2": {
					"rotation": [0, -17.5, 32.5]
				},
				"bigote_part2": {
					"rotation": [0, 0, -35],
					"position": [0, 1, 0]
				},
				"hand1": {
					"rotation": [16.39211, 28.46296, 31.68416],
					"position": [0, 4, -6]
				},
				"hand2": {
					"rotation": [16.39211, -28.46296, -31.68416],
					"position": [0, 4, -6]
				}
			}
		},
		"animation.swalot.cry": {
			"animation_length": 1,
			"bones": {
				"body": {
					"rotation": {
						"0.0": [0, 0, 0],
						"0.25": [0, 0, "0+Math.sin(q.anim_time*90*24-180)*8"],
						"1.0": [0, 0, 0]
					}
				},
				"leg1": {
					"rotation": {
						"0.0": {
							"post": [0, 0, 0],
							"lerp_mode": "catmullrom"
						},
						"0.25": {
							"post": [-7.5, 0, 0],
							"lerp_mode": "catmullrom"
						},
						"1.0": {
							"post": [0, 0, 0],
							"lerp_mode": "catmullrom"
						}
					}
				},
				"torso_head": {
					"rotation": {
						"0.0": {
							"post": [0, 0, 0],
							"lerp_mode": "catmullrom"
						},
						"0.125": {
							"post": [22.5, 0, 0],
							"lerp_mode": "catmullrom"
						},
						"0.25": {
							"post": [-10, 0, 0],
							"lerp_mode": "catmullrom"
						},
						"1.0": {
							"post": [0, 0, 0],
							"lerp_mode": "catmullrom"
						}
					}
				},
				"mounch": {
					"scale": {
						"0.0": {
							"post": [1, 1, 1],
							"lerp_mode": "catmullrom"
						},
						"0.25": {
							"post": [1, 0, 1],
							"lerp_mode": "catmullrom"
						},
						"0.75": {
							"post": [1, 0, 1],
							"lerp_mode": "catmullrom"
						},
						"1.0": {
							"post": [1, 1, 1],
							"lerp_mode": "catmullrom"
						}
					}
				},
				"mounch_head1": {
					"position": {
						"0.0": {
							"post": [0, 0, 0],
							"lerp_mode": "catmullrom"
						},
						"0.25": {
							"post": [0, -2, 0],
							"lerp_mode": "catmullrom"
						},
						"1.0": {
							"post": [0, 0, 0],
							"lerp_mode": "catmullrom"
						}
					}
				},
				"mounch_head2": {
					"position": {
						"0.0": [0, 0, 0],
						"0.25": {"pre": [0, 0, 0], "post": [0, -20, 0]},
						"1.0": {"pre": [0, -20, 0], "post": [0, 0, 0]}
					}
				},
				"hand1": {
					"rotation": {
						"0.0": {
							"post": [0, 0, 0],
							"lerp_mode": "catmullrom"
						},
						"0.125": {
							"post": [0, 15, 0],
							"lerp_mode": "catmullrom"
						},
						"0.25": {
							"post": [0, -10, 0],
							"lerp_mode": "catmullrom"
						},
						"1.0": {
							"post": [0, 0, 0],
							"lerp_mode": "catmullrom"
						}
					}
				},
				"hand2": {
					"rotation": {
						"0.0": {
							"post": [0, 0, 0],
							"lerp_mode": "catmullrom"
						},
						"0.125": {
							"post": [0, -15, 0],
							"lerp_mode": "catmullrom"
						},
						"0.25": {
							"post": [0, 10, 0],
							"lerp_mode": "catmullrom"
						},
						"1.0": {
							"post": [0, 0, 0],
							"lerp_mode": "catmullrom"
						}
					}
				}
			},
			"sound_effects": {
				"0.25": {
					"effect": "pokemon.swalot.cry"
				}
			}
		}
	}
}