{
	"format_version": "1.8.0",
	"animations": {
		"animation.mothim.pose": {
			"loop": true,
			"bones": {
				"body": {
					"rotation": [22.5, 0, 0]
				},
				"bone33": {
					"rotation": [32.5, 0, 0]
				},
				"bone34": {
					"rotation": [-15, 0, 0]
				},
				"head": {
					"rotation": [-8.63903, -26.00033, 1.31669]
				},
				"bone28": {
					"rotation": [0, 0, 7.5]
				},
				"bone9": {
					"position": [0.5, 0, 0]
				},
				"bone11": {
					"position": [0.25, 0, 0]
				},
				"bone35": {
					"rotation": [-50, 0, 0]
				},
				"bone36": {
					"rotation": [-35.28664, 20.20435, 26.01349]
				},
				"bone30": {
					"rotation": [0, 0, -5]
				}
			}
		},
		"animation.mothim.ground_idle": {
			"loop": true,
			"bones": {
				"body": {
					"rotation": ["37.5-math.sin(q.anim_time*90*4-90)*3", 0, 0],
					"position": [
						"math.sin(q.anim_time*90*2)*3",
						"0+(math.clamp(math.sin(q.anim_time*90*4)*2,-1.5,0)+math.clamp(math.sin(q.anim_time*90*4)*2,0,1.5)+math.sin(q.anim_time*90*4)*10)*0.1",
						0
					]
				},
				"bone33": {
					"rotation": ["0-math.sin(q.anim_time*90*4-90)*3", 0, 0]
				},
				"bone34": {
					"rotation": ["0-math.sin(q.anim_time*90*4-90)*3", 0, 0]
				},
				"bone": {
					"rotation": [0, "0-(math.sin(q.anim_time*90*4*3)*8+8)-(math.sin(q.anim_time*90*4*3)*8-8)", 0]
				},
				"bone2": {
					"rotation": [0, "0-(math.sin(q.anim_time*90*4*3-90)*8+8)-(math.sin(q.anim_time*90*4*3-90)*8-8)", 0]
				},
				"bone3": {
					"rotation": [0, "0-(math.sin(q.anim_time*90*4*3-90)*8+8)-(math.sin(q.anim_time*90*4*3-90)*8-8)", 0]
				},
				"bone12": {
					"rotation": [0, "0-(math.sin(q.anim_time*90*4*3)*8+8)-(math.sin(q.anim_time*90*4*3)*8-8)", 0]
				},
				"bone13": {
					"rotation": [0, "0-(math.sin(q.anim_time*90*4*3-90)*8+8)-(math.sin(q.anim_time*90*4*3-90)*8-8)", 0]
				},
				"head": {
					"rotation": ["-20-math.sin(q.anim_time*90*4-90)*3", 0, 0]
				},
				"bone28": {
					"rotation": [-0.06274, 4.76804, 5.99299]
				},
				"bone35": {
					"rotation": ["-math.sin(q.anim_time*90*4-90)*3-55", 0, 0]
				},
				"bone36": {
					"rotation": ["-47.5-math.sin(q.anim_time*90*4-90)*3", 0, 0]
				},
				"bone30": {
					"rotation": [-0.01565, -2.38422, -9.2478]
				},
				"bone16": {
					"rotation": [0, "0+(math.sin(q.anim_time*90*4*3)*8+8)+(math.sin(q.anim_time*90*4*3)*8-8)", 0]
				},
				"bone17": {
					"rotation": [0, "0+(math.sin(q.anim_time*90*4*3-90)*8+8)+(math.sin(q.anim_time*90*4*3-90)*8-8)", 0]
				},
				"bone18": {
					"rotation": [0, "0+(math.sin(q.anim_time*90*4*3-90)*8+8)+(math.sin(q.anim_time*90*4*3-90)*8-8)", 0]
				},
				"bone23": {
					"rotation": [0, "0+(math.sin(q.anim_time*90*4*3)*8+8)+(math.sin(q.anim_time*90*4*3)*8-8)", 0]
				},
				"bone24": {
					"rotation": [0, "0+(math.sin(q.anim_time*90*4*3-90)*8+8)+(math.sin(q.anim_time*90*4*3-90)*8-8)", 0]
				}
			}
		},
		"animation.mothim.air_fly": {
			"loop": true,
			"bones": {
				"body": {
					"rotation": ["67.5-math.sin(q.anim_time*90*4)*3", 0, 0],
					"position": [
						"math.sin(q.anim_time*90*2)*3",
						"0-(math.clamp(math.sin(q.anim_time*90*8)*2,-1.5,0)-math.clamp(math.sin(q.anim_time*90*8)*2,0,1.5)-math.sin(q.anim_time*90*8)*10)*0.1",
						0
					]
				},
				"bone33": {
					"rotation": [35, 0, 0]
				},
				"bone34": {
					"rotation": [22.5, 0, 0]
				},
				"bone": {
					"rotation": [0, "0-(math.sin(q.anim_time*90*4*3)*8+8)-(math.sin(q.anim_time*90*4*3)*8-8)", 0]
				},
				"bone2": {
					"rotation": [0, "0-(math.sin(q.anim_time*90*4*3-90)*8+8)-(math.sin(q.anim_time*90*4*3-90)*8-8)", 0]
				},
				"bone3": {
					"rotation": [0, "0-(math.sin(q.anim_time*90*4*3-90)*8+8)-(math.sin(q.anim_time*90*4*3-90)*8-8)", 0]
				},
				"bone12": {
					"rotation": [0, "0-(math.sin(q.anim_time*90*4*3)*8+8)-(math.sin(q.anim_time*90*4*3)*8-8)", 0]
				},
				"bone13": {
					"rotation": [0, "0-(math.sin(q.anim_time*90*4*3-90)*8+8)-(math.sin(q.anim_time*90*4*3-90)*8-8)", 0]
				},
				"neck": {
					"rotation": [-17.5, 0, 0]
				},
				"head": {
					"rotation": ["-17.5-math.sin(q.anim_time*90*4-90)*3", 0, 0]
				},
				"bone28": {
					"rotation": [-0.06274, 4.76804, 5.99299]
				},
				"bone35": {
					"rotation": [-14.65993, -3.21132, -12.08681]
				},
				"bone36": {
					"rotation": [-7.15656, 2.24944, 17.35932]
				},
				"bone30": {
					"rotation": [-0.01565, -2.38422, -9.2478]
				},
				"bone16": {
					"rotation": [0, "0+(math.sin(q.anim_time*90*4*3)*8+8)+(math.sin(q.anim_time*90*4*3)*8-8)", 0]
				},
				"bone17": {
					"rotation": [0, "0+(math.sin(q.anim_time*90*4*3-90)*8+8)+(math.sin(q.anim_time*90*4*3-90)*8-8)", 0]
				},
				"bone18": {
					"rotation": [0, "0+(math.sin(q.anim_time*90*4*3-90)*8+8)+(math.sin(q.anim_time*90*4*3-90)*8-8)", 0]
				},
				"bone23": {
					"rotation": [0, "0+(math.sin(q.anim_time*90*4*3)*8+8)+(math.sin(q.anim_time*90*4*3)*8-8)", 0]
				},
				"bone24": {
					"rotation": [0, "0+(math.sin(q.anim_time*90*4*3-90)*8+8)+(math.sin(q.anim_time*90*4*3-90)*8-8)", 0]
				}
			}
		},
		"animation.mothim.cry": {
			"loop": true,
			"animation_length": 1,
			"bones": {
				"body": {
					"rotation": {
						"0.0": ["67.5-math.sin(q.anim_time*90*4)*3", 0, 0],
						"0.2083": ["45-math.sin(q.anim_time*90*4)*3", 0, 0],
						"0.2917": ["37.5-math.sin(q.anim_time*90*4)*3", 0, 0],
						"0.625": ["45-math.sin(q.anim_time*90*4)*3", 0, 0],
						"0.875": ["67.5-math.sin(q.anim_time*90*4)*3", 0, 0]
					},
					"position": {
						"0.0": [
							"math.sin(q.anim_time*90*2)*3",
							"0-(math.clamp(math.sin(q.anim_time*90*8)*2,-1.5,0)-math.clamp(math.sin(q.anim_time*90*8)*2,0,1.5)-math.sin(q.anim_time*90*8)*10)*0.1",
							0
						],
						"0.2083": [
							"math.sin(q.anim_time*90*2)*3",
							"4-(math.clamp(math.sin(q.anim_time*90*8)*2,-1.5,0)-math.clamp(math.sin(q.anim_time*90*8)*2,0,1.5)-math.sin(q.anim_time*90*8)*10)*0.1",
							2
						],
						"0.2917": [
							"math.sin(q.anim_time*90*2)*3",
							"6-(math.clamp(math.sin(q.anim_time*90*8)*2,-1.5,0)-math.clamp(math.sin(q.anim_time*90*8)*2,0,1.5)-math.sin(q.anim_time*90*8)*10)*0.1",
							2
						],
						"0.5": [
							"math.sin(q.anim_time*90*2)*3",
							"6-(math.clamp(math.sin(q.anim_time*90*8)*2,-1.5,0)-math.clamp(math.sin(q.anim_time*90*8)*2,0,1.5)-math.sin(q.anim_time*90*8)*10)*0.1",
							0
						],
						"0.875": [
							"math.sin(q.anim_time*90*2)*3",
							"0-(math.clamp(math.sin(q.anim_time*90*8)*2,-1.5,0)-math.clamp(math.sin(q.anim_time*90*8)*2,0,1.5)-math.sin(q.anim_time*90*8)*10)*0.1",
							0
						]
					}
				},
				"bone33": {
					"rotation": [35, 0, 0]
				},
				"bone34": {
					"rotation": [22.5, 0, 0]
				},
				"bone": {
					"rotation": [0, "0-(math.sin(q.anim_time*90*4*3)*8+8)-(math.sin(q.anim_time*90*4*3)*8-8)", 0]
				},
				"bone2": {
					"rotation": [0, "0-(math.sin(q.anim_time*90*4*3-90)*8+8)-(math.sin(q.anim_time*90*4*3-90)*8-8)", 0]
				},
				"bone3": {
					"rotation": [0, "0-(math.sin(q.anim_time*90*4*3-90)*8+8)-(math.sin(q.anim_time*90*4*3-90)*8-8)", 0]
				},
				"bone12": {
					"rotation": [0, "0-(math.sin(q.anim_time*90*4*3)*8+8)-(math.sin(q.anim_time*90*4*3)*8-8)", 0]
				},
				"bone13": {
					"rotation": [0, "0-(math.sin(q.anim_time*90*4*3-90)*8+8)-(math.sin(q.anim_time*90*4*3-90)*8-8)", 0]
				},
				"neck": {
					"rotation": {
						"0.0": [-17.5, 0, 0],
						"0.1667": [-30, 0, 0],
						"0.4583": [-17.5, 0, 0],
						"1.0": [-17.5, 0, 0]
					}
				},
				"head": {
					"rotation": ["-17.5-math.sin(q.anim_time*90*4-90)*3", 0, 0]
				},
				"bone28": {
					"rotation": [-0.06274, 4.76804, 5.99299]
				},
				"bone35": {
					"rotation": [-14.65993, -3.21132, -12.08681]
				},
				"bone36": {
					"rotation": [-7.15656, 2.24944, 17.35932]
				},
				"bone30": {
					"rotation": [-0.01565, -2.38422, -9.2478]
				},
				"bone16": {
					"rotation": [0, "0+(math.sin(q.anim_time*90*4*3)*8+8)+(math.sin(q.anim_time*90*4*3)*8-8)", 0]
				},
				"bone17": {
					"rotation": [0, "0+(math.sin(q.anim_time*90*4*3-90)*8+8)+(math.sin(q.anim_time*90*4*3-90)*8-8)", 0]
				},
				"bone18": {
					"rotation": [0, "0+(math.sin(q.anim_time*90*4*3-90)*8+8)+(math.sin(q.anim_time*90*4*3-90)*8-8)", 0]
				},
				"bone23": {
					"rotation": [0, "0+(math.sin(q.anim_time*90*4*3)*8+8)+(math.sin(q.anim_time*90*4*3)*8-8)", 0]
				},
				"bone24": {
					"rotation": [0, "0+(math.sin(q.anim_time*90*4*3-90)*8+8)+(math.sin(q.anim_time*90*4*3-90)*8-8)", 0]
				}
			},
			"sound_effects": {
				"0.0833": {
					"effect": "pokemon.mothim.cry"
				}
			}
		}
	}
}