{
	"format_version": "1.8.0",
	"animations": {
		"animation.electrike.ground_idle": {
			"loop": true,
			"bones": {
				"torso": {
					"rotation": [2.5, 0, 0]
				},
				"head_angle": {
					"rotation": [2.5, 0, 0]
				},
				"tail": {
					"rotation": [30, 0, 0]
				},
				"leg_front_left": {
					"rotation": [5, 0, 0]
				},
				"leg_front_left2": {
					"rotation": [-20, 0, 0]
				},
				"leg_front_left3": {
					"rotation": [15, 0, 0]
				},
				"leg_front_right": {
					"rotation": [5, 0, 0]
				},
				"leg_front_right2": {
					"rotation": [-20, 0, 0]
				},
				"leg_front_right3": {
					"rotation": [15, 0, 0]
				},
				"leg_back_right": {
					"rotation": [5, 0, 0]
				},
				"leg_back_right2": {
					"rotation": [-15, 0, 0]
				},
				"leg_back_right3": {
					"rotation": [10, 0, 0]
				},
				"leg_back_left": {
					"rotation": [5, 0, 0]
				},
				"leg_back_left2": {
					"rotation": [-15, 0, 0]
				},
				"leg_back_left3": {
					"rotation": [10, 0, 0]
				},
				"leg_fluff_back_left": {
					"rotation": [15, 0, 0]
				},
				"leg_fluff_back_right": {
					"rotation": [15, 0, 0]
				}
			}
		},
		"animation.electrike.blink": {
			"animation_length": 0.1667,
			"bones": {
				"eyelid_left": {
					"position": {
						"0.0": [0.1, 0, -0.1],
						"0.125": [0.1, 0, -0.1],
						"0.1667": {"pre": [0.1, 0, -0.1], "post": [0, 0, 0]}
					}
				},
				"eyelid_right": {
					"position": {
						"0.0": [-0.1, 0, -0.1],
						"0.125": [-0.1, 0, -0.1],
						"0.1667": {"pre": [-0.1, 0, -0.1], "post": [0, 0, 0]}
					}
				}
			}
		},
		"animation.electrike.cry": {
			"animation_length": 1.5,
			"bones": {
				"neck": {
					"rotation": {
						"0.0": [0, 0, 0],
						"0.25": [10, 0, 0],
						"1.25": [10, 0, 0],
						"1.5": [0, 0, 0]
					}
				},
				"jaw": {
					"rotation": {
						"0.0": [0, 0, 0],
						"0.25": [42.5, 0, 0],
						"1.25": [42.5, 0, 0],
						"1.5": [0, 0, 0]
					}
				},
				"head": {
					"rotation": {
						"0.0": [0, 0, 0],
						"0.25": [-12.5, 0, 0],
						"1.25": [-12.5, 0, 0],
						"1.5": [0, 0, 0]
					}
				}
			},
			"sound_effects": {
				"0.1667": {
					"effect": "pokemon.electrike.cry"
				}
			}
		},
		"animation.electrike.item_hold": {
			"loop": true,
			"bones": {
				"jaw": {
					"rotation": [15, 0, 0]
				}
			}
		},
		"animation.electrike.size": {
			"loop": true,
			"bones": {
				"electrike": {
					"scale": 0.85
				}
			}
		},
		"animation.electrike.hurt": {
			"loop": true,
			"bones": {
				"eyelid_hurt_left": {
					"position": [0.1, 0, -0.1]
				},
				"eyelid_hurt_right": {
					"position": [-0.1, 0, -0.1]
				}
			}
		},
		"animation.electrike.angry": {
			"loop": true,
			"bones": {
				"eyelid_emote_left": {
					"position": [-0.9, -0.2, -0.1]
				},
				"eyelid_emote_right": {
					"position": [0.9, -0.2, -0.1]
				}
			}
		},
		"animation.electrike.sad": {
			"loop": true,
			"bones": {
				"eyelid_emote_left": {
					"position": [0.1, 0, -0.1]
				},
				"eyelid_emote_right": {
					"position": [-0.1, 0, -0.1]
				}
			}
		}
	}
}